Date,Futures,Spot,Rate
1996-12-31,0.728,0.727,5.50000
1996-12-30,0.706,0.703,5.50391
1996-12-27,0.706,0.703,5.68750
1996-12-26,0.701,0.6990000000000001,.
1996-12-24,0.7140000000000001,0.713,5.66406
1996-12-23,0.711,0.71,5.66797
1996-12-20,0.73,0.728,5.66016
1996-12-19,0.738,0.7390000000000001,5.65625
1996-12-18,0.742,0.741,5.64453
1996-12-17,0.735,0.7340000000000001,5.62500
1996-12-16,0.748,0.747,5.61719
1996-12-13,0.7170000000000001,0.7170000000000001,5.61719
1996-12-12,0.687,0.687,5.60547
1996-12-11,0.6679999999999999,0.6679999999999999,5.59766
1996-12-10,0.696,0.696,5.59766
1996-12-09,0.721,0.723,5.59375
1996-12-06,0.747,0.7490000000000001,5.60547
1996-12-05,0.7509999999999999,0.752,5.56250
1996-12-04,0.736,0.737,5.56250
1996-12-03,0.742,0.743,5.56250
1996-12-02,0.736,0.7390000000000001,5.56250
1996-11-27,0.72,0.718,5.37500
1996-11-26,0.7120000000000001,0.711,5.37500
1996-11-25,0.722,0.7190000000000001,5.37500
1996-11-22,0.728,0.7240000000000001,5.37500
1996-11-21,0.7390000000000001,0.735,5.37500
1996-11-20,0.721,0.7190000000000001,5.37500
1996-11-19,0.737,0.736,5.37500
1996-11-18,0.7190000000000001,0.718,5.37500
1996-11-15,0.726,0.725,5.37500
1996-11-14,0.7340000000000001,0.733,5.37500
1996-11-13,0.7120000000000001,0.7090000000000001,5.37500
1996-11-12,0.6829999999999999,0.6779999999999999,5.37500
1996-11-11,0.684,0.682,5.37500
1996-11-08,0.6890000000000001,0.687,5.37500
1996-11-07,0.669,0.665,5.37500
1996-11-06,0.665,0.662,5.37500
1996-11-05,0.654,0.652,5.37500
1996-11-04,0.66,0.657,5.37500
1996-11-01,0.6659999999999999,0.662,5.37500
1996-10-31,0.6629999999999999,0.662,5.37500
1996-10-30,0.685,0.682,5.37500
1996-10-29,0.698,0.696,5.37500
1996-10-28,0.715,0.7120000000000001,5.37500
1996-10-25,0.7170000000000001,0.715,5.37500
1996-10-24,0.705,0.7040000000000001,5.37500
1996-10-23,0.71,0.708,5.37500
1996-10-22,0.735,0.733,5.37500
1996-10-21,0.736,0.735,5.37500
1996-10-18,0.741,0.7390000000000001,5.37500
1996-10-17,0.723,0.722,5.37891
1996-10-16,0.716,0.7140000000000001,5.37500
1996-10-15,0.731,0.7290000000000001,5.37500
1996-10-14,0.741,0.7390000000000001,5.37500
1996-10-11,0.7140000000000001,0.713,5.38672
1996-10-10,0.7090000000000001,0.708,5.38281
1996-10-09,0.74,0.738,5.38281
1996-10-08,0.762,0.762,5.37500
1996-10-07,0.765,0.767,5.38672
1996-10-04,0.7440000000000001,0.748,5.41406
1996-10-03,0.747,0.752,5.42188
1996-10-02,0.72,0.726,5.43359
1996-10-01,0.708,0.7140000000000001,5.44141
1996-09-30,0.715,0.7140000000000001,5.43359
1996-09-27,0.715,0.715,5.43750
1996-09-26,0.7090000000000001,0.708,5.43750
1996-09-25,0.718,0.715,5.44531
1996-09-24,0.6970000000000001,0.696,5.53125
1996-09-23,0.675,0.674,5.50000
1996-09-20,0.674,0.6729999999999999,5.50000
1996-09-19,0.6679999999999999,0.6659999999999999,5.48828
1996-09-18,0.679,0.6920000000000001,5.48047
1996-09-17,0.6559999999999999,0.6559999999999999,5.44531
1996-09-16,0.653,0.653,5.43750
1996-09-13,0.679,0.679,5.49219
1996-09-12,0.6920000000000001,0.6890000000000001,5.50391
1996-09-11,0.682,0.6809999999999999,5.50391
1996-09-10,0.667,0.664,5.48438
1996-09-09,0.66,0.657,5.48047
1996-09-06,0.664,0.6609999999999999,5.49219
1996-09-05,0.65,0.648,5.47266
1996-09-04,0.642,0.639,5.47266
1996-09-03,0.6509999999999999,0.649,5.48047
1996-08-30,0.628,0.626,5.43750
1996-08-29,0.637,0.634,5.42188
1996-08-28,0.62,0.609,5.40625
1996-08-27,0.611,0.609,5.41016
1996-08-26,0.61,0.609,.
1996-08-23,0.62,0.619,5.39844
1996-08-22,0.625,0.624,5.40625
1996-08-21,0.61,0.609,5.41406
1996-08-20,0.617,0.61,5.42969
1996-08-19,0.626,0.625,5.42969
1996-08-16,0.616,0.614,5.43750
1996-08-15,0.597,0.594,5.42969
1996-08-14,0.604,0.603,5.41797
1996-08-13,0.6,0.599,5.42188
1996-08-12,0.596,0.594,5.41406
1996-08-09,0.585,0.585,5.42578
1996-08-08,0.588,0.588,5.42578
1996-08-07,0.5820000000000001,0.5820000000000001,5.42969
1996-08-06,0.574,0.579,5.43359
1996-08-05,0.583,0.588,5.43750
1996-08-02,0.5870000000000001,0.591,5.44141
1996-08-01,0.575,0.5760000000000001,5.44141
1996-07-31,0.5710000000000001,0.568,5.46484
1996-07-30,0.557,0.5529999999999999,5.46875
1996-07-29,0.552,0.5479999999999999,5.45313
1996-07-26,0.55,0.547,5.43750
1996-07-25,0.563,0.5589999999999999,5.43750
1996-07-24,0.56,0.556,5.43750
1996-07-23,0.5589999999999999,0.556,5.43750
1996-07-22,0.5589999999999999,0.555,5.43750
1996-07-19,0.56,0.556,5.43750
1996-07-18,0.5670000000000001,0.564,5.45703
1996-07-17,0.563,0.561,5.46875
1996-07-16,0.5720000000000001,0.568,5.47656
1996-07-15,0.5770000000000001,0.5760000000000001,5.47656
1996-07-12,0.5660000000000001,0.562,5.46875
1996-07-11,0.5670000000000001,0.563,5.49609
1996-07-10,0.556,0.552,5.50000
1996-07-09,0.5529999999999999,0.5489999999999999,5.50391
1996-07-08,0.5489999999999999,0.546,5.51563
1996-07-03,0.547,0.545,5.50000
1996-07-02,0.5429999999999999,0.542,5.49219
1996-07-01,0.551,0.5479999999999999,5.48438
1996-06-28,0.54,0.536,5.49609
1996-06-27,0.536,0.5329999999999999,5.50000
1996-06-26,0.523,0.52,5.49219
1996-06-25,0.512,0.509,5.48047
1996-06-24,0.513,0.509,5.48047
1996-06-21,0.514,0.511,5.46484
1996-06-20,0.515,0.513,5.46875
1996-06-19,0.511,0.509,5.43750
1996-06-18,0.525,0.523,5.44922
1996-06-17,0.5329999999999999,0.532,5.46484
1996-06-14,0.516,0.514,5.48438
1996-06-13,0.51,0.506,5.49609
1996-06-12,0.509,0.507,5.48047
1996-06-11,0.508,0.507,5.48438
1996-06-10,0.514,0.51,5.48047
1996-06-07,0.518,0.514,5.43750
1996-06-06,0.51,0.507,5.45313
1996-06-05,0.509,0.506,5.45703
1996-06-04,0.515,0.511,5.45703
1996-06-03,0.513,0.511,5.46484
1996-05-31,0.509,0.506,5.43750
1996-05-30,0.521,0.52,5.43750
1996-05-29,0.541,0.539,5.42969
1996-05-28,0.542,0.542,5.43359
1996-05-24,0.545,0.544,5.42969
1996-05-23,0.544,0.5429999999999999,5.43359
1996-05-22,0.55,0.55,5.43750
1996-05-21,0.541,0.539,5.43750
1996-05-20,0.552,0.5589999999999999,5.43750
1996-05-17,0.529,0.54,5.43750
1996-05-16,0.53,0.541,5.42578
1996-05-15,0.5479999999999999,0.579,5.41797
1996-05-14,0.5529999999999999,0.581,5.42969
1996-05-13,0.562,0.623,5.42969
1996-05-10,0.55,0.621,5.43750
1996-05-09,0.546,0.618,5.43750
1996-05-08,0.5489999999999999,0.617,5.43750
1996-05-07,0.5479999999999999,0.618,5.43750
1996-05-06,0.546,0.621,.
1996-05-03,0.547,0.625,5.43750
1996-05-02,0.539,0.618,5.43750
1996-05-01,0.542,0.626,5.43750
1996-04-30,0.618,0.6409999999999999,5.43750
1996-04-29,0.623,0.653,5.43750
1996-04-26,0.593,0.621,5.43359
1996-04-25,0.588,0.62,5.43750
1996-04-24,0.5820000000000001,0.607,5.43750
1996-04-23,0.573,0.602,5.43750
1996-04-22,0.551,0.588,5.43750
1996-04-19,0.557,0.595,5.44141
1996-04-18,0.5539999999999999,0.612,5.44531
1996-04-17,0.581,0.6459999999999999,5.46484
1996-04-16,0.595,0.6859999999999999,5.47656
1996-04-15,0.626,0.774,5.48828
1996-04-12,0.62,0.7829999999999999,5.50000
1996-04-11,0.64,0.8,5.50000
1996-04-10,0.625,0.785,5.50000
1996-04-09,0.606,0.747,5.50000
1996-04-08,0.602,0.726,.
1996-04-04,0.596,0.708,5.43750
1996-04-03,0.5820000000000001,0.665,5.43750
1996-04-02,0.597,0.685,5.43750
1996-04-01,0.58,0.6559999999999999,5.43750
1996-03-29,0.628,0.644,5.43750
1996-03-28,0.635,0.6679999999999999,5.43750
1996-03-27,0.659,0.6970000000000001,5.42188
1996-03-26,0.649,0.7070000000000001,5.41016
1996-03-25,0.632,0.6779999999999999,5.41016
1996-03-22,0.627,0.7090000000000001,5.40234
1996-03-21,0.613,0.7040000000000001,5.40234
1996-03-20,0.631,0.774,5.41016
1996-03-19,0.623,0.764,5.40625
1996-03-18,0.603,0.7070000000000001,5.40625
1996-03-15,0.579,0.679,5.38281
1996-03-14,0.551,0.597,5.37891
1996-03-13,0.546,0.594,5.37500
1996-03-12,0.5479999999999999,0.615,5.37500
1996-03-11,0.552,0.633,5.37500
1996-03-08,0.534,0.617,5.31250
1996-03-07,0.5379999999999999,0.604,5.31250
1996-03-06,0.542,0.6,5.31250
1996-03-05,0.53,0.59,5.31250
1996-03-04,0.522,0.5920000000000001,5.31250
1996-03-01,0.534,0.614,5.31250
1996-02-29,0.618,0.6409999999999999,5.31250
1996-02-28,0.597,0.625,5.31250
1996-02-27,0.643,0.6970000000000001,5.31250
1996-02-26,0.629,0.691,5.31250
1996-02-23,0.607,0.669,5.31250
1996-02-22,0.605,0.674,5.31250
1996-02-21,0.588,0.649,5.31250
1996-02-20,0.564,0.624,5.31250
1996-02-16,0.569,0.632,5.31250
1996-02-15,0.57,0.631,5.31250
1996-02-14,0.5820000000000001,0.6509999999999999,5.31250
1996-02-13,0.5670000000000001,0.623,5.31250
1996-02-12,0.537,0.578,5.31250
1996-02-09,0.536,0.569,5.33203
1996-02-08,0.531,0.56,5.34375
1996-02-07,0.525,0.5539999999999999,5.36328
1996-02-06,0.516,0.55,5.37500
1996-02-05,0.516,0.552,5.37500
1996-02-02,0.5329999999999999,0.56,5.37500
1996-02-01,0.524,0.542,5.37500
1996-01-31,0.535,0.536,5.43750
1996-01-30,0.523,0.51,5.47656
1996-01-29,0.511,0.51,5.50000
1996-01-26,0.509,0.507,5.53906
1996-01-25,0.505,0.504,5.56250
1996-01-24,0.527,0.527,5.56250
1996-01-23,0.53,0.53,5.56250
1996-01-22,0.537,0.539,5.56250
1996-01-19,0.542,0.544,5.56250
1996-01-18,0.544,0.539,5.59766
1996-01-17,0.531,0.537,5.61328
1996-01-16,0.524,0.528,5.62500
1996-01-15,0.5329999999999999,0.534,5.62500
1996-01-12,0.536,0.537,5.62500
1996-01-11,0.562,0.565,5.62500
1996-01-10,0.596,0.606,5.62500
1996-01-09,0.604,0.613,5.62500
1996-01-08,0.606,0.634,5.62500
1996-01-05,0.606,0.612,5.62500
1996-01-04,0.593,0.599,5.62500
1996-01-03,0.594,0.598,5.62500
1996-01-02,0.599,0.601,5.62891
1995-12-29,0.586,0.584,5.68750
1995-12-28,0.603,0.602,5.68750
1995-12-27,0.623,0.622,5.75000
1995-12-26,0.605,0.603,.
1995-12-22,0.601,0.6,5.75000
1995-12-21,0.6,0.599,5.75000
1995-12-20,0.599,0.598,5.75000
1995-12-19,0.5920000000000001,0.594,5.92969
1995-12-18,0.591,0.58,5.92969
1995-12-15,0.58,0.58,5.92969
1995-12-14,0.573,0.574,5.93750
1995-12-13,0.5770000000000001,0.579,5.93750
1995-12-12,0.568,0.568,5.93359
1995-12-11,0.568,0.569,5.92969
1995-12-08,0.5660000000000001,0.565,5.93359
1995-12-07,0.5529999999999999,0.5529999999999999,5.93750
1995-12-06,0.5479999999999999,0.547,5.93750
1995-12-05,0.542,0.5379999999999999,5.93750
1995-12-04,0.54,0.54,5.93750
1995-12-01,0.527,0.527,5.93750
1995-11-30,0.516,0.517,5.97656
1995-11-29,0.522,0.523,5.97266
1995-11-28,0.53,0.53,5.85547
1995-11-27,0.534,0.535,5.84375
1995-11-22,0.525,0.527,5.81250
1995-11-21,0.523,0.522,5.81250
1995-11-20,0.527,0.528,5.81250
1995-11-17,0.53,0.527,5.81250
1995-11-16,0.522,0.518,5.81250
1995-11-15,0.517,0.513,5.81250
1995-11-14,0.516,0.513,5.81250
1995-11-13,0.516,0.512,5.81250
1995-11-10,0.516,0.513,5.81250
1995-11-09,0.516,0.512,5.81250
1995-11-08,0.515,0.51,5.81250
1995-11-07,0.51,0.505,5.81250
1995-11-06,0.512,0.507,5.81250
1995-11-03,0.517,0.513,5.81250
1995-11-02,0.52,0.517,5.81641
1995-11-01,0.51,0.506,5.82813
1995-10-31,0.504,0.502,5.83203
1995-10-30,0.506,0.504,5.83203
1995-10-27,0.503,0.501,5.83984
1995-10-26,0.504,0.502,5.83594
1995-10-25,0.496,0.494,5.87109
1995-10-24,0.494,0.493,5.87500
1995-10-23,0.489,0.48700000000000004,5.87500
1995-10-20,0.486,0.483,5.86719
1995-10-19,0.48200000000000004,0.479,5.87500
1995-10-18,0.484,0.48100000000000004,5.87500
1995-10-17,0.488,0.483,5.87500
1995-10-16,0.489,0.485,5.87500
1995-10-13,0.489,0.485,5.87500
1995-10-12,0.485,0.48100000000000004,5.87500
1995-10-11,0.488,0.484,5.87500
1995-10-10,0.48700000000000004,0.479,5.87500
1995-10-09,0.48700000000000004,0.483,5.87500
1995-10-06,0.48200000000000004,0.47700000000000004,5.87500
1995-10-05,0.48,0.474,5.87500
1995-10-04,0.489,0.483,5.87500
1995-10-03,0.493,0.488,5.87500
1995-10-02,0.493,0.48700000000000004,5.87500
1995-09-29,0.48700000000000004,0.486,5.87500
1995-09-28,0.495,0.491,5.87500
1995-09-27,0.49,0.486,5.87500
1995-09-26,0.48200000000000004,0.484,5.87109
1995-09-25,0.489,0.485,5.86719
1995-09-22,0.48100000000000004,0.47700000000000004,5.83594
1995-09-21,0.48700000000000004,0.483,5.81250
1995-09-20,0.493,0.488,5.81250
1995-09-19,0.514,0.507,5.81250
1995-09-18,0.517,0.511,5.81250
1995-09-15,0.515,0.51,5.81250
1995-09-14,0.518,0.512,5.87500
1995-09-13,0.513,0.506,5.87500
1995-09-12,0.52,0.515,5.87500
1995-09-11,0.517,0.511,5.87500
1995-09-08,0.518,0.514,5.87500
1995-09-07,0.514,0.51,5.87500
1995-09-06,0.521,0.516,5.87500
1995-09-05,0.53,0.525,5.87500
1995-09-01,0.514,0.508,5.87500
1995-08-31,0.502,0.49700000000000005,5.87500
1995-08-30,0.49700000000000005,0.491,5.87500
1995-08-29,0.495,0.49,5.87500
1995-08-28,0.498,0.493,.
1995-08-25,0.5,0.494,5.87500
1995-08-24,0.502,0.496,5.93750
1995-08-23,0.505,0.499,5.93750
1995-08-22,0.502,0.501,5.93750
1995-08-21,0.503,0.49700000000000005,5.93750
1995-08-18,0.49700000000000005,0.49200000000000005,5.93750
1995-08-17,0.493,0.486,5.93750
1995-08-16,0.49200000000000005,0.48700000000000004,5.93750
1995-08-15,0.48700000000000004,0.48100000000000004,5.88281
1995-08-14,0.488,0.48100000000000004,5.87500
1995-08-11,0.494,0.489,5.87500
1995-08-10,0.496,0.491,5.87500
1995-08-09,0.495,0.49,5.87500
1995-08-08,0.49700000000000005,0.49200000000000005,5.87500
1995-08-07,0.493,0.489,5.87500
1995-08-04,0.49200000000000005,0.488,5.87500
1995-08-03,0.49200000000000005,0.488,5.87500
1995-08-02,0.494,0.49,5.87500
1995-08-01,0.488,0.48200000000000004,5.87500
1995-07-31,0.483,0.48,5.87500
1995-07-28,0.48,0.479,5.87500
1995-07-27,0.48100000000000004,0.478,5.87500
1995-07-26,0.48,0.47700000000000004,5.87500
1995-07-25,0.465,0.46299999999999997,5.88672
1995-07-24,0.466,0.45799999999999996,5.92188
1995-07-21,0.461,0.455,5.87500
1995-07-20,0.461,0.455,5.87500
1995-07-19,0.465,0.45899999999999996,5.87500
1995-07-18,0.47,0.461,5.87500
1995-07-17,0.465,0.46,5.87500
1995-07-14,0.465,0.46,5.87500
1995-07-13,0.467,0.462,5.87500
1995-07-12,0.47200000000000003,0.467,5.87891
1995-07-11,0.47,0.465,5.90625
1995-07-10,0.47100000000000003,0.467,5.87891
1995-07-07,0.46399999999999997,0.45899999999999996,5.87500
1995-07-06,0.47200000000000003,0.46799999999999997,6.06250
1995-07-05,0.465,0.462,6.06250
1995-06-30,0.467,0.46399999999999997,6.12500
1995-06-29,0.469,0.467,6.06641
1995-06-28,0.47700000000000004,0.475,6.11719
1995-06-27,0.47200000000000003,0.47100000000000003,6.06250
1995-06-26,0.46799999999999997,0.465,6.06250
1995-06-23,0.46299999999999997,0.45899999999999996,6.06250
1995-06-22,0.467,0.46299999999999997,6.06250
1995-06-21,0.465,0.461,6.06250
1995-06-20,0.47100000000000003,0.467,6.06250
1995-06-19,0.47,0.465,6.06250
1995-06-16,0.483,0.478,6.06250
1995-06-15,0.489,0.484,6.06250
1995-06-14,0.49200000000000005,0.48700000000000004,6.06250
1995-06-13,0.485,0.48,6.06250
1995-06-12,0.485,0.48,6.07031
1995-06-09,0.48100000000000004,0.47600000000000003,6.06250
1995-06-08,0.48700000000000004,0.48200000000000004,6.06250
1995-06-07,0.49,0.485,6.00781
1995-06-06,0.491,0.486,6.00781
1995-06-05,0.496,0.491,6.00000
1995-06-02,0.499,0.494,6.05469
1995-06-01,0.495,0.49,6.06250
1995-05-31,0.485,0.479,6.06250
1995-05-30,0.486,0.48100000000000004,6.06250
1995-05-26,0.48700000000000004,0.483,6.06250
1995-05-25,0.513,0.508,6.06250
1995-05-24,0.511,0.507,6.06250
1995-05-23,0.523,0.522,6.06250
1995-05-22,0.513,0.51,6.06250
1995-05-19,0.51,0.507,6.06250
1995-05-18,0.506,0.503,6.06250
1995-05-17,0.504,0.5,6.06250
1995-05-16,0.505,0.498,6.06250
1995-05-15,0.499,0.494,6.06250
1995-05-12,0.495,0.491,6.06250
1995-05-11,0.491,0.48700000000000004,6.06250
1995-05-10,0.5,0.496,6.06250
1995-05-09,0.491,0.49,6.06250
1995-05-08,0.512,0.507,.
1995-05-05,0.513,0.513,6.06250
1995-05-04,0.513,0.512,6.06250
1995-05-03,0.503,0.504,6.06250
1995-05-02,0.509,0.513,6.06250
1995-05-01,0.511,0.512,6.06250
1995-04-28,0.512,0.509,6.06250
1995-04-27,0.513,0.509,6.06250
1995-04-26,0.505,0.501,6.06250
1995-04-25,0.508,0.504,6.06250
1995-04-24,0.5,0.49700000000000005,6.06250
1995-04-21,0.506,0.504,6.06250
1995-04-20,0.503,0.499,6.12500
1995-04-19,0.502,0.49700000000000005,6.12500
1995-04-18,0.502,0.501,6.12500
1995-04-17,0.5,0.499,.
1995-04-13,0.488,0.485,6.12500
1995-04-12,0.495,0.49200000000000005,6.12500
1995-04-11,0.502,0.498,6.12500
1995-04-10,0.493,0.488,6.12500
1995-04-07,0.495,0.49,6.12500
1995-04-06,0.49200000000000005,0.49,6.12500
1995-04-05,0.48,0.475,6.12500
1995-04-04,0.48,0.473,6.18750
1995-04-03,0.475,0.47100000000000003,6.18750
1995-03-31,0.47100000000000003,0.46799999999999997,6.12500
1995-03-30,0.47200000000000003,0.469,6.12500
1995-03-29,0.47100000000000003,0.467,6.12500
1995-03-28,0.475,0.467,6.12500
1995-03-27,0.475,0.47100000000000003,6.12500
1995-03-24,0.46299999999999997,0.45899999999999996,6.12500
1995-03-23,0.466,0.461,6.12500
1995-03-22,0.47,0.466,6.12500
1995-03-21,0.457,0.45299999999999996,6.12500
1995-03-20,0.45799999999999996,0.45299999999999996,6.12500
1995-03-17,0.461,0.456,6.12500
1995-03-16,0.45399999999999996,0.44799999999999995,6.12500
1995-03-15,0.451,0.447,6.12500
1995-03-14,0.44299999999999995,0.44,6.12500
1995-03-13,0.456,0.452,6.12500
1995-03-10,0.45299999999999996,0.449,6.12500
1995-03-09,0.451,0.447,6.12500
1995-03-08,0.45299999999999996,0.446,6.12500
1995-03-07,0.46399999999999997,0.452,6.12500
1995-03-06,0.467,0.462,6.12500
1995-03-03,0.474,0.47,6.12500
1995-03-02,0.465,0.461,6.12500
1995-03-01,0.46399999999999997,0.461,6.12500
1995-02-28,0.469,0.466,6.12500
1995-02-27,0.47200000000000003,0.46799999999999997,6.12500
1995-02-24,0.478,0.473,6.08594
1995-02-23,0.474,0.47100000000000003,6.06250
1995-02-22,0.479,0.47700000000000004,6.11719
1995-02-21,0.47600000000000003,0.47200000000000003,6.12500
1995-02-17,0.47700000000000004,0.474,6.12500
1995-02-16,0.469,0.466,6.12500
1995-02-15,0.469,0.467,6.12500
1995-02-14,0.475,0.47700000000000004,6.12500
1995-02-13,0.473,0.47200000000000003,6.12500
1995-02-10,0.483,0.48200000000000004,6.09375
1995-02-09,0.47700000000000004,0.475,6.09375
1995-02-08,0.48,0.479,6.12500
1995-02-07,0.491,0.488,6.12500
1995-02-06,0.49200000000000005,0.491,6.10938
1995-02-03,0.494,0.489,6.12500
1995-02-02,0.486,0.48100000000000004,6.12500
1995-02-01,0.478,0.473,6.12500
1995-01-31,0.469,0.466,6.09375
1995-01-30,0.474,0.47,6.06250
1995-01-27,0.473,0.46799999999999997,6.00000
1995-01-26,0.473,0.46799999999999997,6.00000
1995-01-25,0.475,0.47,6.06250
1995-01-24,0.479,0.47700000000000004,6.00000
1995-01-23,0.478,0.47600000000000003,6.00000
1995-01-20,0.48100000000000004,0.48,6.00000
1995-01-19,0.483,0.48200000000000004,6.00000
1995-01-18,0.491,0.489,5.87500
1995-01-17,0.48700000000000004,0.489,5.75000
1995-01-16,0.474,0.47,5.75000
1995-01-13,0.467,0.46299999999999997,5.81250
1995-01-12,0.479,0.475,5.81250
1995-01-11,0.48,0.47700000000000004,5.87500
1995-01-10,0.474,0.473,5.87500
1995-01-09,0.483,0.48200000000000004,5.87500
1995-01-06,0.495,0.493,5.87500
1995-01-05,0.5,0.498,5.89844
1995-01-04,0.496,0.495,5.93750
1995-01-03,0.499,0.501,5.93750
1994-12-30,0.513,0.514,6.00000
1994-12-29,0.507,0.506,5.97656
1994-12-28,0.501,0.5,6.12500
1994-12-27,0.493,0.49,.
1994-12-23,0.48,0.47700000000000004,6.00000
1994-12-22,0.48,0.47700000000000004,5.93750
1994-12-21,0.479,0.47600000000000003,5.93750
1994-12-20,0.479,0.47600000000000003,6.06250
1994-12-19,0.479,0.47600000000000003,6.12500
1994-12-16,0.485,0.483,6.12500
1994-12-15,0.488,0.488,6.12500
1994-12-14,0.495,0.496,6.18750
1994-12-13,0.485,0.493,6.18750
1994-12-12,0.489,0.489,6.12500
1994-12-09,0.493,0.491,6.12500
1994-12-08,0.491,0.486,6.12500
1994-12-07,0.47700000000000004,0.469,6.12500
1994-12-06,0.473,0.46399999999999997,6.18750
1994-12-05,0.47,0.46,6.12500
1994-12-02,0.47,0.45899999999999996,6.12500
1994-12-01,0.488,0.48,6.06250
1994-11-30,0.49,0.486,6.06250
1994-11-29,0.5,0.493,6.00000
1994-11-28,0.506,0.504,5.62500
1994-11-23,0.509,0.504,5.62500
1994-11-22,0.49200000000000005,0.488,5.62500
1994-11-21,0.486,0.48200000000000004,5.62500
1994-11-18,0.48100000000000004,0.47700000000000004,5.62500
1994-11-17,0.48100000000000004,0.479,5.62500
1994-11-16,0.478,0.474,5.61719
1994-11-15,0.486,0.484,5.43750
1994-11-14,0.489,0.485,5.37500
1994-11-11,0.503,0.5,5.37500
1994-11-10,0.508,0.505,5.33594
1994-11-09,0.506,0.502,5.31250
1994-11-08,0.511,0.503,5.31250
1994-11-07,0.504,0.5,5.31250
1994-11-04,0.51,0.505,5.18750
1994-11-03,0.514,0.509,5.12500
1994-11-02,0.512,0.505,5.12500
1994-11-01,0.507,0.502,5.06250
1994-10-31,0.49,0.48700000000000004,5.06250
1994-10-28,0.493,0.49,5.06250
1994-10-27,0.494,0.491,5.00000
1994-10-26,0.495,0.49200000000000005,5.00000
1994-10-25,0.493,0.49200000000000005,5.00000
1994-10-24,0.49200000000000005,0.491,5.00000
1994-10-21,0.485,0.486,5.00000
1994-10-20,0.5,0.49700000000000005,4.93750
1994-10-19,0.48200000000000004,0.478,5.00000
1994-10-18,0.474,0.474,5.00000
1994-10-17,0.47200000000000003,0.467,5.00000
1994-10-14,0.467,0.462,5.06250
1994-10-13,0.469,0.46299999999999997,5.12500
1994-10-12,0.46799999999999997,0.457,5.12500
1994-10-11,0.48700000000000004,0.474,5.18750
1994-10-10,0.496,0.483,5.18750
1994-10-07,0.504,0.49,5.25000
1994-10-06,0.502,0.489,5.19531
1994-10-05,0.5,0.486,5.12500
1994-10-04,0.498,0.48100000000000004,5.12500
1994-10-03,0.502,0.489,5.06250
1994-09-30,0.502,0.496,5.05469
1994-09-29,0.493,0.48700000000000004,5.00000
1994-09-28,0.483,0.475,5.00000
1994-09-27,0.47700000000000004,0.467,5.06250
1994-09-26,0.478,0.467,5.06250
1994-09-23,0.486,0.474,5.05469
1994-09-22,0.485,0.474,5.05469
1994-09-21,0.47700000000000004,0.465,4.93750
1994-09-20,0.484,0.469,4.87500
1994-09-19,0.483,0.473,4.87500
1994-09-16,0.47,0.45899999999999996,4.88281
1994-09-15,0.467,0.456,4.87500
1994-09-14,0.47,0.45899999999999996,4.87500
1994-09-13,0.48100000000000004,0.47,4.87500
1994-09-12,0.491,0.48200000000000004,4.87500
1994-09-09,0.494,0.486,4.87500
1994-09-08,0.496,0.489,4.87500
1994-09-07,0.501,0.494,4.87500
1994-09-06,0.5,0.496,4.87500
1994-09-02,0.49700000000000005,0.496,4.87500
1994-09-01,0.493,0.49200000000000005,4.87500
1994-08-31,0.494,0.493,4.87500
1994-08-30,0.486,0.488,4.87500
1994-08-29,0.488,0.49200000000000005,.
1994-08-26,0.48200000000000004,0.483,4.81250
1994-08-25,0.488,0.49,4.81250
1994-08-24,0.486,0.486,4.81250
1994-08-23,0.478,0.47700000000000004,4.81250
1994-08-22,0.473,0.47200000000000003,4.81250
1994-08-19,0.48,0.479,4.81250
1994-08-18,0.48700000000000004,0.486,4.81250
1994-08-17,0.498,0.496,4.81250
1994-08-16,0.485,0.48200000000000004,4.75000
1994-08-15,0.491,0.48700000000000004,4.68750
1994-08-12,0.486,0.48200000000000004,4.68750
1994-08-11,0.49700000000000005,0.493,4.56250
1994-08-10,0.501,0.498,4.56250
1994-08-09,0.502,0.49700000000000005,4.56250
1994-08-08,0.499,0.495,4.56250
1994-08-05,0.49200000000000005,0.488,4.50000
1994-08-04,0.521,0.518,4.50000
1994-08-03,0.526,0.524,4.50000
1994-08-02,0.53,0.531,4.50000
1994-08-01,0.5429999999999999,0.541,4.50000
1994-07-29,0.529,0.532,4.50000
1994-07-28,0.507,0.511,4.50000
1994-07-27,0.504,0.504,4.50000
1994-07-26,0.5,0.501,4.50000
1994-07-25,0.502,0.5,4.50000
1994-07-22,0.506,0.504,4.50000
1994-07-21,0.499,0.498,4.50000
1994-07-20,0.496,0.494,4.43750
1994-07-19,0.495,0.49200000000000005,4.50000
1994-07-18,0.488,0.484,4.50000
1994-07-15,0.498,0.493,4.56250
1994-07-14,0.505,0.501,4.62500
1994-07-13,0.502,0.498,4.62500
1994-07-12,0.504,0.499,4.63281
1994-07-11,0.49700000000000005,0.493,4.62500
1994-07-08,0.488,0.486,4.56250
1994-07-07,0.48200000000000004,0.48,4.56250
1994-07-06,0.491,0.49,4.62500
1994-07-05,0.503,0.502,4.62500
1994-07-01,0.508,0.507,4.62500
1994-06-30,0.506,0.506,4.56250
1994-06-29,0.496,0.49700000000000005,4.56250
1994-06-28,0.5,0.5,4.50000
1994-06-27,0.495,0.49700000000000005,4.50000
1994-06-24,0.504,0.505,4.43750
1994-06-23,0.507,0.508,4.37500
1994-06-22,0.498,0.5,4.43750
1994-06-21,0.505,0.505,4.37500
1994-06-20,0.515,0.515,4.31250
1994-06-17,0.52,0.521,4.31250
1994-06-16,0.505,0.506,4.31250
1994-06-15,0.506,0.507,4.31250
1994-06-14,0.479,0.48200000000000004,4.37500
1994-06-13,0.47600000000000003,0.478,4.31250
1994-06-10,0.469,0.47,4.31250
1994-06-09,0.47,0.47100000000000003,4.31250
1994-06-08,0.466,0.467,4.31250
1994-06-07,0.465,0.46299999999999997,4.31250
1994-06-06,0.47600000000000003,0.47600000000000003,4.31250
1994-06-03,0.48200000000000004,0.48200000000000004,4.37500
1994-06-02,0.485,0.484,4.37500
1994-06-01,0.494,0.491,4.37500
1994-05-31,0.49700000000000005,0.496,4.37500
1994-05-27,0.484,0.483,4.37500
1994-05-26,0.478,0.47700000000000004,4.37500
1994-05-25,0.47600000000000003,0.475,4.37500
1994-05-24,0.47600000000000003,0.47600000000000003,4.37500
1994-05-23,0.479,0.47700000000000004,4.31250
1994-05-20,0.483,0.48,4.31250
1994-05-19,0.479,0.47600000000000003,4.37500
1994-05-18,0.47700000000000004,0.475,4.37500
1994-05-17,0.47,0.47,4.37500
1994-05-16,0.478,0.478,4.37500
1994-05-13,0.485,0.485,4.43750
1994-05-12,0.48200000000000004,0.484,4.43750
1994-05-11,0.479,0.48100000000000004,4.43750
1994-05-10,0.478,0.479,4.50000
1994-05-09,0.483,0.486,4.43750
1994-05-06,0.48100000000000004,0.48200000000000004,4.18750
1994-05-05,0.473,0.474,4.12500
1994-05-04,0.467,0.46799999999999997,4.06250
1994-05-03,0.469,0.47100000000000003,4.06250
1994-05-02,0.47600000000000003,0.47600000000000003,.
1994-04-29,0.47100000000000003,0.47100000000000003,4.00000
1994-04-28,0.465,0.465,3.93750
1994-04-26,0.474,0.475,3.92188
1994-04-25,0.48200000000000004,0.486,3.87500
1994-04-22,0.479,0.48200000000000004,3.89844
1994-04-21,0.469,0.475,3.93750
1994-04-20,0.46399999999999997,0.473,3.93750
1994-04-19,0.462,0.47200000000000003,3.93750
1994-04-18,0.47,0.483,3.75000
1994-04-15,0.474,0.486,3.75000
1994-04-14,0.467,0.479,3.75000
1994-04-13,0.45799999999999996,0.47100000000000003,3.75000
1994-04-12,0.455,0.47,3.75000
1994-04-11,0.45799999999999996,0.474,3.75000
1994-04-08,0.451,0.469,3.75000
1994-04-07,0.44799999999999995,0.47700000000000004,3.75000
1994-04-06,0.455,0.489,3.75000
1994-04-05,0.45799999999999996,0.49700000000000005,3.82031
1994-04-04,0.462,0.505,.
1994-03-31,0.45799999999999996,0.484,3.68750
1994-03-30,0.45,0.489,3.68750
1994-03-29,0.446,0.47700000000000004,3.68750
1994-03-28,0.43799999999999994,0.474,3.68750
1994-03-25,0.46299999999999997,0.502,3.68750
1994-03-24,0.452,0.489,3.68750
1994-03-23,0.45,0.489,3.68750
1994-03-22,0.452,0.486,3.70313
1994-03-21,0.451,0.49200000000000005,3.62500
1994-03-18,0.445,0.48100000000000004,3.56250
1994-03-17,0.442,0.479,3.56250
1994-03-16,0.445,0.47700000000000004,3.56250
1994-03-15,0.446,0.47700000000000004,3.56250
1994-03-14,0.434,0.47200000000000003,3.56250
1994-03-11,0.43700000000000006,0.486,3.57813
1994-03-10,0.433,0.489,3.56250
1994-03-09,0.43799999999999994,0.49700000000000005,3.62500
1994-03-08,0.434,0.498,3.62500
1994-03-07,0.434,0.501,3.62500
1994-03-04,0.449,0.513,3.62500
1994-03-03,0.457,0.519,3.56250
1994-03-02,0.457,0.523,3.62500
1994-03-01,0.456,0.53,3.56250
1994-02-28,0.503,0.516,3.56250
1994-02-25,0.49700000000000005,0.5379999999999999,3.57813
1994-02-24,0.489,0.53,3.50000
1994-02-23,0.47200000000000003,0.504,3.43750
1994-02-22,0.46799999999999997,0.501,3.43750
1994-02-18,0.45799999999999996,0.48700000000000004,3.43750
1994-02-17,0.452,0.485,3.43750
1994-02-16,0.45,0.51,3.43750
1994-02-15,0.47100000000000003,0.534,3.43750
1994-02-14,0.478,0.573,3.37500
1994-02-11,0.51,0.628,3.37500
1994-02-10,0.503,0.616,3.37500
1994-02-09,0.494,0.609,3.37500
1994-02-08,0.506,0.608,3.37500
1994-02-07,0.5,0.583,3.37500
1994-02-04,0.511,0.588,3.25000
1994-02-03,0.523,0.607,3.18750
1994-02-02,0.536,0.594,3.18750
1994-02-01,0.518,0.568,3.12500
1994-01-31,0.537,0.542,3.12500
1994-01-28,0.527,0.532,3.12500
1994-01-27,0.531,0.537,3.12500
1994-01-26,0.523,0.529,3.12500
1994-01-25,0.499,0.509,3.12500
1994-01-24,0.494,0.498,3.12500
1994-01-21,0.48,0.483,3.12500
1994-01-20,0.48,0.48100000000000004,3.12500
1994-01-19,0.501,0.507,3.12500
1994-01-18,0.495,0.499,3.12500
1994-01-17,0.527,0.536,3.12500
1994-01-14,0.513,0.522,3.12500
1994-01-13,0.489,0.499,3.12500
1994-01-12,0.48100000000000004,0.49200000000000005,3.12500
1994-01-11,0.484,0.494,3.12500
1994-01-10,0.46799999999999997,0.473,3.12500
1994-01-07,0.48200000000000004,0.485,3.18750
1994-01-06,0.47700000000000004,0.48,3.25000
1994-01-05,0.479,0.478,3.25000
1994-01-04,0.46,0.461,3.25000
1994-01-03,0.452,0.452,.
1993-12-30,0.442,0.44299999999999995,3.25000
1993-12-29,0.44799999999999995,0.449,3.28125
1993-12-28,0.436,0.43700000000000006,.
1993-12-27,0.44299999999999995,0.442,.
1993-12-23,0.442,0.434,3.25000
1993-12-22,0.44,0.431,3.25000
1993-12-21,0.434,0.426,3.22656
1993-12-20,0.43799999999999994,0.429,3.19531
1993-12-17,0.441,0.43,3.19531
1993-12-16,0.446,0.436,3.25000
1993-12-15,0.445,0.42700000000000005,3.25781
1993-12-14,0.439,0.419,3.31250
1993-12-13,0.43799999999999994,0.419,3.31250
1993-12-10,0.45299999999999996,0.434,3.31250
1993-12-09,0.442,0.425,3.37500
1993-12-08,0.441,0.424,3.38281
1993-12-07,0.445,0.43200000000000005,3.44531
1993-12-06,0.446,0.43200000000000005,3.50000
1993-12-03,0.45899999999999996,0.447,3.50000
1993-12-02,0.45799999999999996,0.447,3.50000
1993-12-01,0.47200000000000003,0.461,3.56250
1993-11-30,0.47,0.461,3.56250
1993-11-29,0.469,0.46399999999999997,3.56250
1993-11-24,0.501,0.496,3.17188
1993-11-23,0.503,0.495,3.18750
1993-11-22,0.516,0.507,3.18750
1993-11-19,0.516,0.506,3.15625
1993-11-18,0.52,0.509,3.12500
1993-11-17,0.524,0.514,3.12500
1993-11-16,0.511,0.5,3.13281
1993-11-15,0.513,0.504,3.18750
1993-11-12,0.516,0.507,3.18750
1993-11-11,0.518,0.509,3.18750
1993-11-10,0.507,0.498,3.18750
1993-11-09,0.505,0.49700000000000005,3.18750
1993-11-08,0.507,0.498,3.18750
1993-11-05,0.513,0.505,3.18750
1993-11-04,0.521,0.513,3.18750
1993-11-03,0.525,0.516,3.18750
1993-11-02,0.524,0.512,3.18750
1993-11-01,0.531,0.526,3.18750
1993-10-29,0.511,0.509,3.18750
1993-10-28,0.521,0.517,3.18750
1993-10-27,0.525,0.521,3.18750
1993-10-26,0.522,0.516,3.18750
1993-10-25,0.523,0.52,3.18750
1993-10-22,0.534,0.5329999999999999,3.18750
1993-10-21,0.541,0.539,3.18750
1993-10-20,0.542,0.54,3.18750
1993-10-19,0.54,0.534,3.18750
1993-10-18,0.539,0.534,3.18750
1993-10-15,0.545,0.541,3.18750
1993-10-14,0.555,0.5489999999999999,3.18750
1993-10-13,0.557,0.55,3.18750
1993-10-12,0.562,0.552,3.18750
1993-10-11,0.564,0.557,3.18750
1993-10-08,0.56,0.5529999999999999,3.18750
1993-10-07,0.5589999999999999,0.551,3.18750
1993-10-06,0.5579999999999999,0.551,3.18750
1993-10-05,0.5539999999999999,0.5479999999999999,3.18750
1993-10-04,0.5589999999999999,0.552,3.18750
1993-10-01,0.5670000000000001,0.5589999999999999,3.18750
1993-09-30,0.565,0.56,3.18750
1993-09-29,0.5539999999999999,0.5489999999999999,3.18750
1993-09-28,0.534,0.5329999999999999,3.18750
1993-09-27,0.531,0.525,3.18750
1993-09-24,0.531,0.526,3.18750
1993-09-23,0.535,0.528,3.18750
1993-09-22,0.531,0.524,3.18750
1993-09-21,0.539,0.532,3.18750
1993-09-20,0.537,0.528,3.18750
1993-09-17,0.519,0.509,3.18750
1993-09-16,0.514,0.505,3.18750
1993-09-15,0.518,0.508,3.14844
1993-09-14,0.517,0.505,3.12500
1993-09-13,0.514,0.505,3.12500
1993-09-10,0.514,0.504,3.12500
1993-09-09,0.514,0.504,3.12500
1993-09-08,0.511,0.501,3.12500
1993-09-07,0.511,0.501,3.12500
1993-09-03,0.529,0.52,3.18750
1993-09-02,0.532,0.523,3.18750
1993-09-01,0.531,0.52,3.18750
1993-08-31,0.527,0.525,3.18750
1993-08-30,0.54,0.531,.
1993-08-27,0.5379999999999999,0.53,3.18750
1993-08-26,0.529,0.517,3.18750
1993-08-25,0.525,0.515,3.18750
1993-08-24,0.53,0.521,3.18750
1993-08-23,0.5329999999999999,0.524,3.18750
1993-08-20,0.527,0.518,3.18750
1993-08-19,0.524,0.515,3.18750
1993-08-18,0.523,0.514,3.18750
1993-08-17,0.529,0.518,3.18750
1993-08-16,0.528,0.514,3.18750
1993-08-13,0.536,0.521,3.18750
1993-08-12,0.528,0.511,3.18750
1993-08-11,0.516,0.498,3.18750
1993-08-10,0.5,0.48100000000000004,3.18750
1993-08-09,0.502,0.483,3.18750
1993-08-06,0.494,0.478,3.18750
1993-08-05,0.501,0.484,3.18750
1993-08-04,0.507,0.494,3.18750
1993-08-03,0.508,0.494,3.18750
1993-08-02,0.512,0.499,3.18750
1993-07-30,0.499,0.494,3.18750
1993-07-29,0.508,0.499,3.18750
1993-07-28,0.514,0.504,3.18750
1993-07-27,0.516,0.506,3.18750
1993-07-26,0.504,0.496,3.18750
1993-07-23,0.502,0.494,3.18750
1993-07-22,0.49700000000000005,0.489,3.18750
1993-07-21,0.502,0.498,3.12500
1993-07-20,0.49700000000000005,0.495,3.12500
1993-07-19,0.505,0.501,3.12500
1993-07-16,0.488,0.483,3.12500
1993-07-15,0.49700000000000005,0.49200000000000005,3.15625
1993-07-14,0.493,0.486,3.18750
1993-07-13,0.506,0.49700000000000005,3.18750
1993-07-12,0.507,0.5,3.18750
1993-07-09,0.505,0.499,3.18750
1993-07-08,0.498,0.49200000000000005,3.18750
1993-07-07,0.506,0.501,3.18750
1993-07-06,0.513,0.509,3.12500
1993-07-02,0.508,0.509,3.18750
1993-07-01,0.517,0.513,3.18750
1993-06-30,0.525,0.522,3.18750
1993-06-29,0.526,0.522,3.18750
1993-06-28,0.524,0.521,3.19531
1993-06-25,0.523,0.517,3.21094
1993-06-24,0.52,0.517,3.25000
1993-06-23,0.521,0.519,3.25000
1993-06-22,0.519,0.518,3.18750
1993-06-21,0.52,0.518,3.18750
1993-06-18,0.522,0.52,3.18750
1993-06-17,0.52,0.517,3.18750
1993-06-16,0.525,0.519,3.18750
1993-06-15,0.52,0.515,3.18750
1993-06-14,0.525,0.519,3.18750
1993-06-11,0.53,0.525,3.25000
1993-06-10,0.532,0.526,3.25000
1993-06-09,0.539,0.5329999999999999,3.25000
1993-06-08,0.537,0.528,3.25000
1993-06-07,0.536,0.531,3.25000
1993-06-04,0.541,0.5379999999999999,3.18750
1993-06-03,0.542,0.5379999999999999,3.18750
1993-06-02,0.5479999999999999,0.54,3.18750
1993-06-01,0.551,0.5489999999999999,3.25000
1993-05-28,0.5489999999999999,0.546,3.25000
1993-05-27,0.546,0.5429999999999999,3.18750
1993-05-26,0.5429999999999999,0.539,3.18750
1993-05-25,0.5429999999999999,0.539,3.18750
1993-05-24,0.539,0.537,3.18750
1993-05-21,0.544,0.542,3.12500
1993-05-20,0.5489999999999999,0.545,3.12500
1993-05-19,0.54,0.537,3.14063
1993-05-18,0.5379999999999999,0.534,3.14844
1993-05-17,0.541,0.536,3.13281
1993-05-14,0.536,0.532,3.12500
1993-05-13,0.54,0.537,3.12500
1993-05-12,0.551,0.55,3.12500
1993-05-11,0.5589999999999999,0.556,3.12500
1993-05-10,0.564,0.561,3.12500
1993-05-07,0.562,0.556,3.12500
1993-05-06,0.5589999999999999,0.5529999999999999,3.12500
1993-05-05,0.557,0.5539999999999999,3.12500
1993-05-04,0.556,0.551,3.12500
1993-05-03,0.5589999999999999,0.5539999999999999,.
1993-04-30,0.555,0.5529999999999999,3.12500
1993-04-29,0.56,0.556,3.12500
1993-04-27,0.5539999999999999,0.546,3.12500
1993-04-26,0.557,0.55,3.12500
1993-04-23,0.5579999999999999,0.551,3.12500
1993-04-22,0.5479999999999999,0.541,3.12500
1993-04-21,0.552,0.546,3.14844
1993-04-20,0.551,0.5489999999999999,3.18750
1993-04-19,0.555,0.55,3.18750
1993-04-16,0.5589999999999999,0.552,3.18750
1993-04-15,0.5589999999999999,0.5539999999999999,3.18750
1993-04-14,0.56,0.556,3.18750
1993-04-13,0.561,0.555,3.18750
1993-04-12,0.565,0.561,.
1993-04-08,0.56,0.556,3.18750
1993-04-07,0.5660000000000001,0.564,3.18750
1993-04-06,0.56,0.5579999999999999,3.18750
1993-04-05,0.57,0.5710000000000001,3.18750
1993-04-02,0.5720000000000001,0.574,3.18750
1993-04-01,0.5670000000000001,0.565,3.18750
1993-03-31,0.5589999999999999,0.5579999999999999,3.18750
1993-03-30,0.56,0.5579999999999999,3.18750
1993-03-29,0.569,0.57,3.18750
1993-03-26,0.5770000000000001,0.58,3.18750
1993-03-25,0.5820000000000001,0.588,3.18750
1993-03-24,0.581,0.588,3.18750
1993-03-23,0.581,0.591,3.18750
1993-03-22,0.5720000000000001,0.5770000000000001,3.18750
1993-03-19,0.58,0.588,3.18750
1993-03-18,0.584,0.588,3.18750
1993-03-17,0.579,0.581,3.18750
1993-03-16,0.581,0.581,3.18750
1993-03-15,0.573,0.5770000000000001,3.18750
1993-03-12,0.5820000000000001,0.583,3.18750
1993-03-11,0.573,0.573,3.18750
1993-03-10,0.581,0.581,3.18750
1993-03-09,0.583,0.586,3.18750
1993-03-08,0.581,0.5820000000000001,3.18750
1993-03-05,0.593,0.591,3.18750
1993-03-04,0.598,0.598,3.18750
1993-03-03,0.5820000000000001,0.578,3.18750
1993-03-02,0.5770000000000001,0.574,3.18750
1993-02-26,0.58,0.5760000000000001,3.18750
1993-02-25,0.588,0.585,3.18750
1993-02-24,0.574,0.57,3.12500
1993-02-23,0.573,0.568,3.12500
1993-02-22,0.565,0.5589999999999999,3.12500
1993-02-19,0.5529999999999999,0.547,3.12500
1993-02-18,0.546,0.54,3.12500
1993-02-17,0.546,0.541,3.12500
1993-02-16,0.551,0.546,3.12500
1993-02-12,0.556,0.551,3.15625
1993-02-11,0.5670000000000001,0.561,3.17188
1993-02-10,0.5660000000000001,0.561,3.15625
1993-02-09,0.563,0.562,3.16406
1993-02-08,0.5670000000000001,0.562,3.15625
1993-02-05,0.569,0.563,3.16406
1993-02-04,0.5670000000000001,0.561,3.18750
1993-02-02,0.5589999999999999,0.552,3.18750
1993-02-01,0.5670000000000001,0.561,3.12500
1993-01-29,0.5579999999999999,0.557,3.12500
1993-01-28,0.565,0.563,3.18750
1993-01-27,0.545,0.544,3.18750
1993-01-26,0.552,0.5529999999999999,3.18750
1993-01-25,0.546,0.5429999999999999,3.18750
1993-01-22,0.52,0.516,3.18750
1993-01-21,0.52,0.516,3.18750
1993-01-20,0.517,0.511,3.18750
1993-01-19,0.529,0.519,3.18750
1993-01-18,0.5329999999999999,0.526,3.18750
1993-01-15,0.534,0.525,3.18750
1993-01-14,0.531,0.522,3.25000
1993-01-13,0.525,0.514,3.25000
1993-01-12,0.526,0.515,3.25000
1993-01-11,0.535,0.524,3.25000
1993-01-08,0.537,0.523,3.28906
1993-01-07,0.536,0.523,3.25000
1993-01-06,0.5429999999999999,0.532,3.25781
1993-01-05,0.5579999999999999,0.54,3.27344
1993-01-04,0.552,0.541,3.31250
1992-12-31,0.564,0.56,3.31250
1992-12-30,0.569,0.565,3.31250
1992-12-29,0.568,0.562,3.50000
1992-12-28,0.578,0.5670000000000001,.
1992-12-23,0.589,0.5770000000000001,3.43750
1992-12-22,0.568,0.556,3.43750
1992-12-21,0.5710000000000001,0.5579999999999999,3.43750
1992-12-18,0.562,0.5529999999999999,3.54688
1992-12-17,0.563,0.551,3.56250
1992-12-16,0.555,0.545,3.62500
1992-12-15,0.5379999999999999,0.531,3.68750
1992-12-14,0.542,0.5329999999999999,3.68750
1992-12-11,0.547,0.539,3.68750
1992-12-10,0.5589999999999999,0.551,3.75000
1992-12-09,0.544,0.535,3.75000
1992-12-08,0.545,0.5329999999999999,3.87500
1992-12-07,0.555,0.547,4.00000
1992-12-04,0.542,0.529,4.06250
1992-12-03,0.5429999999999999,0.529,4.12500
1992-12-02,0.5579999999999999,0.544,4.14844
1992-12-01,0.5579999999999999,0.547,4.25000
1992-11-30,0.561,0.5539999999999999,4.25000
1992-11-25,0.5710000000000001,0.565,3.17188
1992-11-24,0.565,0.5539999999999999,3.18750
1992-11-23,0.56,0.546,3.18750
1992-11-20,0.573,0.5589999999999999,3.18750
1992-11-19,0.573,0.56,3.18750
1992-11-18,0.565,0.551,3.25000
1992-11-17,0.581,0.578,3.26563
1992-11-16,0.589,0.578,3.25000
1992-11-13,0.578,0.565,3.25000
1992-11-12,0.58,0.5660000000000001,3.25000
1992-11-11,0.586,0.5710000000000001,3.25000
1992-11-10,0.581,0.5660000000000001,3.28906
1992-11-09,0.584,0.569,3.25000
1992-11-06,0.574,0.56,3.18750
1992-11-05,0.589,0.5760000000000001,3.19531
1992-11-04,0.584,0.57,3.21094
1992-11-03,0.594,0.58,3.25000
1992-11-02,0.601,0.5870000000000001,3.25000
1992-10-30,0.588,0.5820000000000001,3.25000
1992-10-29,0.595,0.588,3.25000
1992-10-28,0.614,0.608,3.25000
1992-10-27,0.617,0.612,3.31250
1992-10-26,0.619,0.612,3.31250
1992-10-23,0.618,0.613,3.25000
1992-10-22,0.619,0.613,3.25000
1992-10-21,0.627,0.62,3.31250
1992-10-20,0.642,0.633,3.37500
1992-10-19,0.648,0.642,3.25000
1992-10-16,0.6509999999999999,0.644,3.25000
1992-10-15,0.655,0.649,3.25000
1992-10-14,0.6459999999999999,0.645,3.31250
1992-10-13,0.645,0.6409999999999999,3.25000
1992-10-12,0.655,0.6509999999999999,3.18750
1992-10-09,0.659,0.638,3.18750
1992-10-08,0.642,0.638,3.18750
1992-10-07,0.638,0.631,3.12500
1992-10-06,0.633,0.628,3.06250
1992-10-05,0.635,0.628,3.12500
1992-10-02,0.639,0.63,3.00000
1992-10-01,0.639,0.63,3.18750
1992-09-30,0.632,0.628,3.18750
1992-09-29,0.629,0.628,3.18750
1992-09-28,0.632,0.628,3.25000
1992-09-25,0.628,0.624,3.31250
1992-09-24,0.633,0.628,3.37500
1992-09-23,0.64,0.634,3.37500
1992-09-22,0.626,0.621,3.31250
1992-09-21,0.622,0.618,3.25000
1992-09-18,0.618,0.615,3.25000
1992-09-17,0.624,0.621,3.18750
1992-09-16,0.63,0.626,3.18750
1992-09-15,0.631,0.62,3.12500
1992-09-14,0.635,0.631,3.12500
1992-09-11,0.628,0.622,3.18750
1992-09-10,0.622,0.616,3.18750
1992-09-09,0.617,0.613,3.18750
1992-09-08,0.618,0.611,3.18750
1992-09-04,0.608,0.603,3.43750
1992-09-03,0.606,0.601,3.43750
1992-09-02,0.607,0.601,3.43750
1992-09-01,0.612,0.606,3.50000
1992-08-31,0.605,0.602,.
1992-08-28,0.594,0.593,3.48438
1992-08-27,0.583,0.58,3.46875
1992-08-26,0.581,0.579,3.43750
1992-08-25,0.5820000000000001,0.578,3.43750
1992-08-24,0.593,0.591,3.37500
1992-08-21,0.578,0.574,3.37500
1992-08-20,0.584,0.58,3.37500
1992-08-19,0.5820000000000001,0.578,3.37500
1992-08-18,0.588,0.583,3.37500
1992-08-17,0.594,0.589,3.37500
1992-08-14,0.589,0.583,3.37500
1992-08-13,0.5870000000000001,0.58,3.37500
1992-08-12,0.579,0.5710000000000001,3.37500
1992-08-11,0.5760000000000001,0.565,3.37500
1992-08-10,0.5820000000000001,0.5760000000000001,3.37500
1992-08-07,0.5870000000000001,0.5820000000000001,3.43750
1992-08-06,0.596,0.591,3.43750
1992-08-05,0.586,0.5820000000000001,3.43750
1992-08-04,0.591,0.58,3.43750
1992-08-03,0.598,0.5920000000000001,3.43750
1992-07-31,0.605,0.604,3.37500
1992-07-30,0.604,0.603,3.37500
1992-07-29,0.609,0.61,3.37500
1992-07-28,0.618,0.616,3.37500
1992-07-27,0.624,0.624,3.37500
1992-07-24,0.624,0.623,3.38281
1992-07-23,0.617,0.616,3.39844
1992-07-22,0.609,0.608,3.37500
1992-07-21,0.599,0.6,3.37500
1992-07-20,0.606,0.602,3.37500
1992-07-17,0.599,0.595,3.37500
1992-07-16,0.601,0.597,3.37500
1992-07-15,0.603,0.598,3.43750
1992-07-14,0.599,0.593,3.43750
1992-07-13,0.601,0.597,3.43750
1992-07-10,0.594,0.589,3.43750
1992-07-09,0.593,0.589,3.43750
1992-07-08,0.591,0.5870000000000001,3.43750
1992-07-07,0.5870000000000001,0.586,3.50000
1992-07-06,0.602,0.599,3.56250
1992-07-02,0.612,0.61,3.87500
1992-07-01,0.605,0.602,3.93750
1992-06-30,0.601,0.601,3.93750
1992-06-29,0.619,0.617,3.93750
1992-06-26,0.623,0.62,3.88281
1992-06-25,0.632,0.628,3.88281
1992-06-24,0.637,0.635,3.93750
1992-06-23,0.621,0.622,3.93750
1992-06-22,0.618,0.618,3.93750
1992-06-19,0.615,0.612,3.87500
1992-06-18,0.612,0.61,3.87500
1992-06-17,0.61,0.609,3.87500
1992-06-16,0.608,0.604,3.93750
1992-06-15,0.61,0.609,3.93750
1992-06-12,0.612,0.608,3.93750
1992-06-11,0.609,0.605,3.93750
1992-06-10,0.615,0.611,3.93750
1992-06-09,0.606,0.602,3.93750
1992-06-08,0.613,0.613,3.93750
1992-06-05,0.619,0.619,4.00000
1992-06-04,0.609,0.609,4.00000
1992-06-03,0.608,0.608,4.00000
1992-06-02,0.604,0.608,4.00000
1992-06-01,0.603,0.603,4.00000
1992-05-29,0.605,0.604,4.00000
1992-05-28,0.6,0.596,4.00000
1992-05-27,0.593,0.589,4.00000
1992-05-26,0.596,0.594,3.93750
1992-05-22,0.563,0.562,3.93750
1992-05-21,0.561,0.5589999999999999,3.87500
1992-05-20,0.552,0.551,3.81250
1992-05-19,0.562,0.562,3.87500
1992-05-18,0.5710000000000001,0.5720000000000001,3.87500
1992-05-15,0.5720000000000001,0.569,3.87500
1992-05-14,0.568,0.569,3.81250
1992-05-13,0.5720000000000001,0.573,3.81250
1992-05-12,0.575,0.581,3.81250
1992-05-11,0.583,0.584,3.81250
1992-05-08,0.5770000000000001,0.578,3.75000
1992-05-07,0.574,0.578,3.84375
1992-05-06,0.5710000000000001,0.575,3.87500
1992-05-05,0.5660000000000001,0.575,3.93750
1992-05-04,0.5760000000000001,0.5820000000000001,.
1992-05-01,0.5670000000000001,0.573,3.93750
1992-04-30,0.579,0.578,3.93750
1992-04-29,0.57,0.569,3.93750
1992-04-28,0.561,0.5579999999999999,4.00000
1992-04-27,0.5529999999999999,0.5529999999999999,3.93750
1992-04-24,0.5529999999999999,0.552,4.00000
1992-04-23,0.5539999999999999,0.555,4.03125
1992-04-22,0.5579999999999999,0.562,4.10938
1992-04-21,0.574,0.575,4.12500
1992-04-20,0.5670000000000001,0.57,.
1992-04-16,0.565,0.5660000000000001,4.06250
1992-04-15,0.556,0.5589999999999999,4.07031
1992-04-14,0.551,0.5539999999999999,4.06250
1992-04-13,0.555,0.5579999999999999,4.06250
1992-04-10,0.561,0.565,4.00000
1992-04-09,0.555,0.5589999999999999,4.18750
1992-04-08,0.563,0.5660000000000001,4.18750
1992-04-07,0.555,0.565,4.20313
1992-04-06,0.56,0.568,4.25000
1992-04-03,0.557,0.568,4.25000
1992-04-02,0.5429999999999999,0.5539999999999999,4.25000
1992-04-01,0.545,0.5529999999999999,4.25000
1992-03-31,0.537,0.539,4.25000
1992-03-30,0.531,0.531,4.25000
1992-03-27,0.522,0.522,4.31250
1992-03-26,0.528,0.528,4.25000
1992-03-25,0.528,0.529,4.31250
1992-03-24,0.532,0.5329999999999999,4.37500
1992-03-23,0.535,0.537,4.37500
1992-03-20,0.5329999999999999,0.534,4.37500
1992-03-19,0.5429999999999999,0.544,4.37500
1992-03-18,0.532,0.534,4.37500
1992-03-17,0.541,0.5429999999999999,4.37500
1992-03-16,0.537,0.535,4.37500
1992-03-13,0.534,0.534,4.37500
1992-03-12,0.522,0.521,4.37500
1992-03-11,0.513,0.511,4.31250
1992-03-10,0.518,0.519,4.31250
1992-03-09,0.512,0.511,4.37500
1992-03-06,0.51,0.512,4.37500
1992-03-05,0.515,0.516,4.37500
1992-03-04,0.514,0.515,4.31250
1992-03-03,0.509,0.508,4.31250
1992-03-02,0.502,0.498,4.25000
1992-02-28,0.515,0.509,4.25000
1992-02-27,0.512,0.505,4.25000
1992-02-26,0.509,0.502,4.18750
1992-02-25,0.514,0.508,4.25000
1992-02-24,0.516,0.511,4.31250
1992-02-21,0.527,0.522,4.25000
1992-02-20,0.528,0.523,4.25000
1992-02-19,0.525,0.524,4.25000
1992-02-18,0.513,0.509,4.18750
1992-02-14,0.545,0.541,4.12500
1992-02-13,0.557,0.5529999999999999,4.00000
1992-02-12,0.5539999999999999,0.5489999999999999,4.00000
1992-02-11,0.552,0.551,4.00000
1992-02-10,0.5660000000000001,0.562,4.00000
1992-02-07,0.564,0.56,4.12500
1992-02-06,0.5529999999999999,0.55,4.06250
1992-02-05,0.5539999999999999,0.5479999999999999,4.12500
1992-02-04,0.5479999999999999,0.546,4.13281
1992-02-03,0.535,0.532,4.18750
1992-01-31,0.529,0.525,4.18750
1992-01-30,0.521,0.515,4.12500
1992-01-29,0.54,0.534,4.12500
1992-01-28,0.541,0.536,4.18750
1992-01-27,0.5539999999999999,0.55,4.18750
1992-01-24,0.547,0.541,4.20313
1992-01-23,0.532,0.525,4.18750
1992-01-22,0.529,0.521,4.18750
1992-01-21,0.5329999999999999,0.527,4.18750
1992-01-20,0.545,0.539,4.18750
1992-01-17,0.5489999999999999,0.541,4.18750
1992-01-16,0.5489999999999999,0.537,4.25000
1992-01-15,0.541,0.529,4.25000
1992-01-14,0.531,0.512,4.25000
1992-01-13,0.546,0.534,4.18750
1992-01-10,0.515,0.49700000000000005,4.12500
1992-01-09,0.499,0.47700000000000004,4.06250
1992-01-08,0.494,0.467,4.12500
1992-01-07,0.509,0.48100000000000004,4.19531
1992-01-06,0.519,0.491,4.25000
1992-01-03,0.521,0.493,4.25000
1992-01-02,0.516,0.486,4.25000
1991-12-31,0.483,0.469,4.31250
1991-12-30,0.48100000000000004,0.457,4.31250
1991-12-27,0.504,0.479,4.87500
1991-12-26,0.503,0.47700000000000004,.
1991-12-24,0.518,0.49700000000000005,5.02344
1991-12-23,0.518,0.494,4.75000
1991-12-20,0.511,0.489,5.12500
1991-12-19,0.535,0.512,4.93750
1991-12-18,0.547,0.522,4.87500
1991-12-17,0.5579999999999999,0.536,4.87500
1991-12-16,0.568,0.5489999999999999,4.87500
1991-12-13,0.5720000000000001,0.545,4.87500
1991-12-12,0.5660000000000001,0.537,4.87500
1991-12-11,0.5579999999999999,0.53,4.87500
1991-12-10,0.55,0.521,4.93750
1991-12-09,0.544,0.523,5.00000
1991-12-06,0.5710000000000001,0.551,5.12500
1991-12-05,0.593,0.574,5.18750
1991-12-04,0.603,0.585,5.25000
1991-12-03,0.595,0.573,5.25000
1991-12-02,0.615,0.595,5.25000
1991-11-29,0.617,0.606,5.18750
1991-11-27,0.618,0.604,4.81250
1991-11-26,0.617,0.601,4.81250
1991-11-25,0.625,0.611,4.81250
1991-11-22,0.621,0.604,4.81250
1991-11-21,0.636,0.619,4.87500
1991-11-20,0.637,0.619,4.87500
1991-11-19,0.644,0.624,4.87500
1991-11-18,0.654,0.633,4.87500
1991-11-15,0.675,0.6559999999999999,4.93750
1991-11-14,0.657,0.636,4.93750
1991-11-13,0.659,0.64,4.93750
1991-11-12,0.6659999999999999,0.649,4.93750
1991-11-11,0.6759999999999999,0.6559999999999999,4.93750
1991-11-08,0.696,0.6779999999999999,4.93750
1991-11-07,0.703,0.684,4.93750
1991-11-06,0.71,0.691,5.06250
1991-11-05,0.718,0.701,5.06250
1991-11-04,0.7170000000000001,0.698,5.06250
1991-11-01,0.7070000000000001,0.6859999999999999,5.12500
1991-10-31,0.6859999999999999,0.674,5.12500
1991-10-30,0.684,0.672,5.25000
1991-10-29,0.684,0.674,5.31250
1991-10-28,0.682,0.674,5.37500
1991-10-25,0.684,0.6729999999999999,5.36719
1991-10-24,0.693,0.682,5.37500
1991-10-23,0.682,0.669,5.37500
1991-10-22,0.695,0.684,5.37500
1991-10-21,0.7020000000000001,0.6859999999999999,5.31250
1991-10-18,0.698,0.682,5.37500
1991-10-17,0.6940000000000001,0.6779999999999999,5.31250
1991-10-16,0.684,0.6679999999999999,5.31250
1991-10-15,0.6920000000000001,0.675,5.31250
1991-10-14,0.691,0.675,5.31250
1991-10-11,0.675,0.659,5.31250
1991-10-10,0.675,0.6579999999999999,5.31250
1991-10-09,0.6809999999999999,0.6629999999999999,5.31250
1991-10-08,0.6709999999999999,0.654,5.25000
1991-10-07,0.669,0.652,5.25000
1991-10-04,0.6559999999999999,0.64,5.31250
1991-10-03,0.6559999999999999,0.642,5.43750
1991-10-02,0.6459999999999999,0.629,5.43750
1991-10-01,0.642,0.625,5.43750
1991-09-30,0.637,0.632,5.43750
1991-09-27,0.635,0.629,5.50000
1991-09-26,0.63,0.624,5.50000
1991-09-25,0.636,0.625,5.50000
1991-09-24,0.637,0.624,5.56250
1991-09-23,0.638,0.628,5.56250
1991-09-20,0.626,0.616,5.56250
1991-09-19,0.619,0.608,5.56250
1991-09-18,0.619,0.607,5.56250
1991-09-17,0.611,0.6,5.56250
1991-09-16,0.621,0.609,5.50000
1991-09-13,0.617,0.606,5.56250
1991-09-12,0.612,0.599,5.62500
1991-09-11,0.616,0.603,5.62500
1991-09-10,0.614,0.596,5.62500
1991-09-09,0.616,0.613,5.68750
1991-09-06,0.623,0.613,5.75000
1991-09-05,0.626,0.615,5.68750
1991-09-04,0.63,0.616,5.75000
1991-09-03,0.6459999999999999,0.637,5.75000
1991-08-30,0.6409999999999999,0.64,5.68750
1991-08-29,0.632,0.625,5.75000
1991-08-28,0.622,0.615,5.75000
1991-08-27,0.622,0.613,5.75000
1991-08-26,0.622,0.616,.
1991-08-23,0.62,0.611,5.68750
1991-08-22,0.622,0.612,5.68750
1991-08-21,0.618,0.608,5.68750
1991-08-20,0.6629999999999999,0.6559999999999999,5.68750
1991-08-19,0.65,0.64,5.75000
1991-08-16,0.607,0.598,5.75000
1991-08-15,0.604,0.597,5.68750
1991-08-14,0.595,0.5870000000000001,5.75000
1991-08-13,0.598,0.59,5.75000
1991-08-12,0.601,0.5920000000000001,5.75000
1991-08-09,0.6,0.59,5.71094
1991-08-08,0.595,0.588,5.63281
1991-08-07,0.59,0.579,5.68750
1991-08-06,0.591,0.5770000000000001,5.87500
1991-08-05,0.601,0.593,5.87500
1991-08-02,0.598,0.59,5.93750
1991-08-01,0.595,0.589,5.93750
1991-07-31,0.602,0.601,5.93750
1991-07-30,0.59,0.588,5.93750
1991-07-29,0.5870000000000001,0.584,5.93750
1991-07-26,0.588,0.583,6.00000
1991-07-25,0.584,0.578,6.00000
1991-07-24,0.581,0.575,6.00000
1991-07-23,0.5770000000000001,0.5710000000000001,6.00000
1991-07-22,0.5920000000000001,0.585,6.00000
1991-07-19,0.594,0.588,6.00000
1991-07-18,0.589,0.586,6.00000
1991-07-17,0.598,0.595,6.00000
1991-07-16,0.5920000000000001,0.586,6.00000
1991-07-15,0.591,0.5870000000000001,6.00000
1991-07-12,0.6,0.596,6.06250
1991-07-11,0.5820000000000001,0.5760000000000001,6.06250
1991-07-10,0.584,0.578,6.06250
1991-07-09,0.573,0.5670000000000001,6.06250
1991-07-08,0.574,0.568,6.06250
1991-07-05,0.5670000000000001,0.561,6.06250
1991-07-03,0.561,0.555,6.06250
1991-07-02,0.565,0.5579999999999999,6.06250
1991-07-01,0.561,0.552,6.06250
1991-06-28,0.5529999999999999,0.5489999999999999,6.06250
1991-06-27,0.544,0.54,6.06250
1991-06-26,0.537,0.5329999999999999,6.10156
1991-06-25,0.537,0.53,6.06250
1991-06-24,0.5379999999999999,0.534,6.06250
1991-06-21,0.5429999999999999,0.539,6.06250
1991-06-20,0.545,0.539,6.06250
1991-06-19,0.536,0.5329999999999999,6.06250
1991-06-18,0.539,0.53,6.06250
1991-06-17,0.5379999999999999,0.532,6.06250
1991-06-14,0.537,0.531,6.12500
1991-06-13,0.534,0.528,6.12500
1991-06-12,0.541,0.535,6.12500
1991-06-11,0.532,0.523,6.12500
1991-06-10,0.526,0.519,6.12500
1991-06-07,0.5379999999999999,0.532,6.10938
1991-06-06,0.542,0.536,6.06250
1991-06-05,0.5429999999999999,0.537,6.12500
1991-06-04,0.56,0.55,6.06250
1991-06-03,0.564,0.5589999999999999,6.00000
1991-05-31,0.565,0.568,5.93750
1991-05-30,0.5670000000000001,0.5660000000000001,5.93750
1991-05-29,0.557,0.5529999999999999,5.93750
1991-05-28,0.5579999999999999,0.5539999999999999,5.93750
1991-05-24,0.555,0.552,5.93750
1991-05-23,0.561,0.5579999999999999,5.93750
1991-05-22,0.56,0.557,5.93750
1991-05-21,0.561,0.555,5.93750
1991-05-20,0.561,0.5539999999999999,5.93750
1991-05-17,0.5589999999999999,0.5529999999999999,5.93750
1991-05-16,0.5579999999999999,0.551,5.93750
1991-05-15,0.555,0.5489999999999999,5.93750
1991-05-14,0.5479999999999999,0.541,5.93750
1991-05-13,0.545,0.539,5.93750
1991-05-10,0.551,0.544,5.93750
1991-05-09,0.561,0.5539999999999999,5.93750
1991-05-08,0.557,0.55,5.93750
1991-05-07,0.5579999999999999,0.55,5.93750
1991-05-06,0.556,0.55,.
1991-05-03,0.547,0.5429999999999999,5.93750
1991-05-02,0.539,0.5329999999999999,5.93750
1991-05-01,0.5429999999999999,0.536,5.93750
1991-04-30,0.536,0.5379999999999999,6.06250
1991-04-29,0.5529999999999999,0.551,6.06250
1991-04-26,0.5589999999999999,0.555,6.12500
1991-04-25,0.5589999999999999,0.557,6.12500
1991-04-24,0.565,0.563,6.12500
1991-04-23,0.57,0.5670000000000001,6.18750
1991-04-22,0.5720000000000001,0.57,6.18750
1991-04-19,0.561,0.5589999999999999,6.18750
1991-04-18,0.5579999999999999,0.5539999999999999,6.12500
1991-04-17,0.561,0.56,6.12500
1991-04-16,0.556,0.5539999999999999,6.06250
1991-04-15,0.57,0.574,5.93750
1991-04-12,0.561,0.5660000000000001,6.00000
1991-04-11,0.5539999999999999,0.562,6.06250
1991-04-10,0.56,0.568,6.06250
1991-04-09,0.546,0.563,6.12500
1991-04-08,0.545,0.561,6.12500
1991-04-05,0.542,0.57,6.25000
1991-04-04,0.542,0.573,6.31250
1991-04-03,0.5329999999999999,0.5589999999999999,6.31250
1991-04-02,0.542,0.578,6.37500
1991-04-01,0.535,0.563,.
1991-03-28,0.569,0.574,6.31250
1991-03-27,0.5660000000000001,0.5710000000000001,6.37500
1991-03-26,0.568,0.579,6.43750
1991-03-25,0.565,0.591,6.43750
1991-03-22,0.583,0.613,6.43750
1991-03-21,0.585,0.631,6.50000
1991-03-20,0.5770000000000001,0.632,6.54688
1991-03-19,0.5770000000000001,0.637,6.43750
1991-03-18,0.5579999999999999,0.616,6.37500
1991-03-15,0.557,0.609,6.31250
1991-03-14,0.565,0.626,6.37500
1991-03-13,0.568,0.626,6.50000
1991-03-12,0.5579999999999999,0.622,6.50000
1991-03-11,0.544,0.607,6.56250
1991-03-08,0.5539999999999999,0.624,6.75000
1991-03-07,0.556,0.643,6.81250
1991-03-06,0.561,0.6459999999999999,6.81250
1991-03-05,0.5710000000000001,0.652,6.93750
1991-03-04,0.561,0.637,7.00000
1991-03-01,0.546,0.634,7.00000
1991-02-28,0.654,0.679,7.00000
1991-02-27,0.644,0.679,7.06250
1991-02-26,0.637,0.675,6.62500
1991-02-25,0.62,0.657,6.62500
1991-02-22,0.601,0.64,6.56250
1991-02-21,0.614,0.654,6.56250
1991-02-20,0.647,0.695,6.56250
1991-02-19,0.606,0.662,6.50000
1991-02-15,0.623,0.684,6.50000
1991-02-14,0.66,0.722,6.50000
1991-02-13,0.6709999999999999,0.7559999999999999,6.50000
1991-02-12,0.708,0.7979999999999999,6.50000
1991-02-11,0.711,0.794,6.43750
1991-02-08,0.672,0.7609999999999999,6.43750
1991-02-07,0.655,0.748,6.43750
1991-02-06,0.664,0.7509999999999999,6.50000
1991-02-05,0.631,0.713,6.50000
1991-02-04,0.617,0.67,6.56250
1991-02-01,0.622,0.695,6.93750
1991-01-31,0.713,0.718,6.93750
1991-01-30,0.7020000000000001,0.7170000000000001,6.93750
1991-01-29,0.7040000000000001,0.722,6.95313
1991-01-28,0.6829999999999999,0.703,6.87500
1991-01-25,0.6940000000000001,0.7190000000000001,6.81250
1991-01-24,0.698,0.726,6.75000
1991-01-23,0.7020000000000001,0.7440000000000001,6.93750
1991-01-22,0.685,0.75,6.92188
1991-01-21,0.6579999999999999,0.703,7.12500
1991-01-18,0.615,0.64,7.31250
1991-01-17,0.62,0.635,7.37500
1991-01-16,0.9159999999999999,0.951,7.56250
1991-01-15,0.847,0.868,7.50000
1991-01-14,0.89,0.905,7.50000
1991-01-11,0.774,0.779,7.18750
1991-01-10,0.7709999999999999,0.773,7.31250
1991-01-09,0.7709999999999999,0.773,7.48438
1991-01-08,0.743,0.748,7.64063
1991-01-07,0.762,0.77,7.57813
1991-01-04,0.6829999999999999,0.6920000000000001,7.43750
1991-01-03,0.7020000000000001,0.716,7.37500
1991-01-02,0.733,0.7509999999999999,7.56250
1990-12-31,0.813,0.809,7.62500
1990-12-28,0.7979999999999999,0.794,7.62500
1990-12-27,0.809,0.8079999999999999,9.12500
1990-12-26,0.813,0.813,.
1990-12-21,0.789,0.787,8.68750
1990-12-20,0.789,0.785,8.25000
1990-12-19,0.778,0.775,8.12500
1990-12-18,0.757,0.754,8.37500
1990-12-17,0.747,0.748,8.37500
1990-12-14,0.752,0.754,8.10938
1990-12-13,0.746,0.748,7.87500
1990-12-12,0.746,0.753,7.87500
1990-12-11,0.777,0.7909999999999999,7.87500
1990-12-10,0.81,0.826,7.87500
1990-12-07,0.792,0.81,8.31250
1990-12-06,0.797,0.818,8.37500
1990-12-05,0.8109999999999999,0.8320000000000001,8.37500
1990-12-04,0.8690000000000001,0.848,8.56250
1990-12-03,0.847,0.8540000000000001,8.62500
1990-11-30,0.8590000000000001,0.86,8.62500
1990-11-28,0.927,0.9209999999999999,9.12500
1990-11-27,0.915,0.909,8.00000
1990-11-26,0.924,0.9179999999999999,7.87500
1990-11-23,0.887,0.882,7.87500
1990-11-21,0.852,0.846,7.87500
1990-11-20,0.845,0.843,7.93750
1990-11-19,0.868,0.86,7.93750
1990-11-16,0.8440000000000001,0.835,7.92188
1990-11-15,0.867,0.858,7.93750
1990-11-14,0.866,0.858,7.93750
1990-11-13,0.883,0.879,7.93750
1990-11-12,0.865,0.8540000000000001,7.93750
1990-11-09,0.902,0.8859999999999999,8.00000
1990-11-08,0.943,0.927,8.00000
1990-11-07,0.927,0.9109999999999999,8.00000
1990-11-06,0.8640000000000001,0.8440000000000001,8.00000
1990-11-05,0.845,0.83,8.00000
1990-11-02,0.8740000000000001,0.8590000000000001,8.00000
1990-11-01,0.904,0.8859999999999999,8.00000
1990-10-31,0.895,0.883,7.93750
1990-10-30,0.912,0.905,7.93750
1990-10-29,0.914,0.9,7.93750
1990-10-26,0.883,0.866,8.00000
1990-10-25,0.917,0.903,8.06250
1990-10-24,0.851,0.835,8.12500
1990-10-23,0.8109999999999999,0.805,8.12500
1990-10-22,0.76,0.745,8.12500
1990-10-19,0.884,0.87,8.12500
1990-10-18,0.965,0.951,8.18750
1990-10-17,0.983,0.9690000000000001,8.18750
1990-10-16,1.04,1.031,8.18750
1990-10-15,1.021,1.012,8.18750
1990-10-12,1.054,1.037,8.18750
1990-10-11,1.0490000000000002,1.044,8.25000
1990-10-10,1.011,0.9940000000000001,8.25000
1990-10-09,1.062,1.042,8.18750
1990-10-08,1.03,1.013,8.18750
1990-10-05,1.0270000000000001,1.011,8.18750
1990-10-04,0.9990000000000001,0.983,8.14063
1990-10-03,0.9940000000000001,0.978,8.12500
1990-10-02,0.92,0.904,8.12500
1990-10-01,1.0,0.986,8.12500
1990-09-28,1.05,1.035,8.26563
1990-09-27,1.044,1.03,8.31250
1990-09-26,1.026,1.014,8.50000
1990-09-25,1.012,0.996,8.43750
1990-09-24,1.0390000000000001,1.0270000000000001,8.31250
1990-09-21,0.972,0.956,8.31250
1990-09-20,0.919,0.9009999999999999,8.25000
1990-09-19,0.885,0.866,8.18750
1990-09-18,0.8640000000000001,0.8420000000000001,8.18750
1990-09-17,0.853,0.826,8.12500
1990-09-14,0.828,0.8009999999999999,8.12500
1990-09-13,0.835,0.8140000000000001,8.18750
1990-09-12,0.826,0.8059999999999999,8.12500
1990-09-11,0.83,0.804,8.12500
1990-09-10,0.8590000000000001,0.8440000000000001,8.12500
1990-09-07,0.84,0.825,8.06250
1990-09-06,0.882,0.868,8.00000
1990-09-05,0.8340000000000001,0.8170000000000001,8.00000
1990-09-04,0.8240000000000001,0.805,8.06250
1990-08-31,0.759,0.747,8.06250
1990-08-30,0.755,0.742,8.12500
1990-08-29,0.716,0.7040000000000001,8.12500
1990-08-28,0.795,0.7859999999999999,8.12500
1990-08-27,0.7809999999999999,0.769,.
1990-08-24,0.91,0.897,8.25000
1990-08-23,0.9620000000000001,0.95,8.25000
1990-08-22,0.914,0.9,8.18750
1990-08-21,0.8370000000000001,0.82,8.18750
1990-08-20,0.83,0.8170000000000001,8.18750
1990-08-17,0.805,0.7929999999999999,8.18750
1990-08-16,0.755,0.742,8.06250
1990-08-15,0.7290000000000001,0.716,8.06250
1990-08-14,0.73,0.72,8.06250
1990-08-10,0.726,0.7120000000000001,8.06250
1990-08-09,0.698,0.684,8.06250
1990-08-08,0.701,0.688,8.04688
1990-08-07,0.7509999999999999,0.779,8.00000
1990-08-06,0.7559999999999999,0.743,8.00000
1990-08-03,0.6659999999999999,0.654,8.06250
1990-08-02,0.647,0.633,8.00000
1990-08-01,0.612,0.598,8.00000
1990-07-31,0.5710000000000001,0.561,8.00000
1990-07-30,0.569,0.562,8.06250
1990-07-27,0.57,0.562,8.09375
1990-07-26,0.573,0.564,8.06250
1990-07-25,0.568,0.5589999999999999,8.06250
1990-07-24,0.573,0.5670000000000001,8.06250
1990-07-23,0.565,0.555,8.12500
1990-07-20,0.5579999999999999,0.5479999999999999,8.12500
1990-07-19,0.564,0.5539999999999999,8.12500
1990-07-18,0.561,0.551,8.12500
1990-07-17,0.561,0.544,8.12500
1990-07-16,0.562,0.5539999999999999,8.18750
1990-07-13,0.542,0.5329999999999999,8.25000
1990-07-12,0.53,0.526,8.37500
1990-07-11,0.504,0.499,8.37500
1990-07-10,0.493,0.49200000000000005,8.37500
1990-07-09,0.489,0.48700000000000004,8.37500
1990-07-06,0.483,0.48100000000000004,8.31250
1990-07-05,0.483,0.48200000000000004,8.31250
1990-07-03,0.485,0.483,8.31250
1990-07-02,0.486,0.484,8.31250
1990-06-29,0.48700000000000004,0.483,8.31250
1990-06-28,0.49,0.48700000000000004,8.31250
1990-06-27,0.479,0.47600000000000003,8.37500
1990-06-26,0.485,0.484,8.31250
1990-06-25,0.489,0.488,8.31250
1990-06-22,0.48700000000000004,0.485,8.31250
1990-06-21,0.479,0.478,8.31250
1990-06-20,0.47600000000000003,0.47600000000000003,8.31250
1990-06-19,0.474,0.469,8.31250
1990-06-18,0.479,0.47700000000000004,8.31250
1990-06-15,0.484,0.48200000000000004,8.25000
1990-06-14,0.485,0.486,8.25000
1990-06-13,0.486,0.489,8.31250
1990-06-12,0.483,0.484,8.31250
1990-06-11,0.467,0.475,8.25000
1990-06-08,0.47200000000000003,0.478,8.28125
1990-06-07,0.469,0.475,8.31250
1990-06-06,0.473,0.48100000000000004,8.31250
1990-06-05,0.47100000000000003,0.47200000000000003,8.25000
1990-06-04,0.47600000000000003,0.479,8.25000
1990-06-01,0.48700000000000004,0.49,8.31250
1990-05-31,0.501,0.499,8.31250
1990-05-30,0.512,0.512,8.31250
1990-05-29,0.502,0.503,8.25000
1990-05-25,0.49700000000000005,0.495,8.25000
1990-05-24,0.498,0.49700000000000005,8.25000
1990-05-23,0.502,0.503,8.25000
1990-05-22,0.514,0.52,8.31250
1990-05-21,0.514,0.523,8.31250
1990-05-18,0.519,0.532,8.31250
1990-05-17,0.52,0.545,8.31250
1990-05-16,0.516,0.5479999999999999,8.31250
1990-05-15,0.517,0.551,8.31250
1990-05-14,0.524,0.5579999999999999,8.31250
1990-05-11,0.509,0.55,8.31250
1990-05-10,0.517,0.562,8.31250
1990-05-09,0.513,0.56,8.32813
1990-05-08,0.513,0.5660000000000001,8.37500
1990-05-07,0.504,0.557,.
1990-05-04,0.5,0.555,8.43750
1990-05-03,0.5,0.555,8.50000
1990-05-02,0.519,0.574,8.56250
1990-05-01,0.53,0.585,8.50000
1990-04-30,0.565,0.593,8.50000
1990-04-27,0.537,0.57,8.56250
1990-04-26,0.531,0.5660000000000001,8.50000
1990-04-25,0.524,0.562,8.50000
1990-04-24,0.527,0.562,8.46875
1990-04-23,0.531,0.574,8.45313
1990-04-19,0.528,0.586,8.43750
1990-04-18,0.527,0.585,8.37500
1990-04-17,0.542,0.622,8.37500
1990-04-16,0.547,0.625,.
1990-04-12,0.5379999999999999,0.604,8.37500
1990-04-11,0.536,0.5920000000000001,8.37500
1990-04-10,0.524,0.5770000000000001,8.39063
1990-04-09,0.531,0.596,8.37500
1990-04-06,0.537,0.586,8.43750
1990-04-05,0.5329999999999999,0.5660000000000001,8.43750
1990-04-04,0.54,0.579,8.43750
1990-04-03,0.555,0.588,8.43750
1990-04-02,0.5529999999999999,0.59,8.43750
1990-03-30,0.57,0.589,8.37500
1990-03-29,0.562,0.5820000000000001,8.37500
1990-03-28,0.557,0.58,8.43750
1990-03-27,0.5529999999999999,0.574,8.43750
1990-03-26,0.547,0.568,8.43750
1990-03-23,0.555,0.5770000000000001,8.43750
1990-03-22,0.55,0.581,8.43750
1990-03-21,0.555,0.596,8.43750
1990-03-20,0.544,0.594,8.43750
1990-03-19,0.545,0.588,8.43750
1990-03-16,0.545,0.591,8.43750
1990-03-15,0.55,0.588,8.43750
1990-03-14,0.54,0.569,8.50000
1990-03-13,0.535,0.5660000000000001,8.43750
1990-03-12,0.535,0.561,8.43750
1990-03-09,0.539,0.562,8.37500
1990-03-08,0.5529999999999999,0.5760000000000001,8.37500
1990-03-07,0.562,0.591,8.37500
1990-03-06,0.5720000000000001,0.597,8.37500
1990-03-05,0.58,0.603,8.37500
1990-03-02,0.5589999999999999,0.5670000000000001,8.37500
1990-03-01,0.546,0.5529999999999999,8.37500
1990-02-28,0.573,0.5720000000000001,8.37500
1990-02-27,0.5820000000000001,0.58,8.37500
1990-02-26,0.591,0.5920000000000001,8.31250
1990-02-23,0.583,0.583,8.31250
1990-02-22,0.5820000000000001,0.5820000000000001,8.31250
1990-02-21,0.575,0.579,8.31250
1990-02-20,0.574,0.578,8.31250
1990-02-16,0.575,0.579,8.31250
1990-02-15,0.5870000000000001,0.59,8.31250
1990-02-14,0.5760000000000001,0.5760000000000001,8.31250
1990-02-13,0.569,0.562,8.31250
1990-02-12,0.56,0.557,8.25000
1990-02-09,0.551,0.551,8.31250
1990-02-08,0.5529999999999999,0.5539999999999999,8.31250
1990-02-07,0.5589999999999999,0.568,8.31250
1990-02-06,0.562,0.568,8.31250
1990-02-05,0.56,0.5710000000000001,8.31250
1990-02-02,0.583,0.594,8.31250
1990-02-01,0.5670000000000001,0.581,8.31250
1990-01-31,0.589,0.5870000000000001,8.31250
1990-01-30,0.605,0.596,8.31250
1990-01-29,0.611,0.615,8.31250
1990-01-26,0.596,0.605,8.31250
1990-01-25,0.598,0.61,8.31250
1990-01-24,0.596,0.611,8.31250
1990-01-23,0.593,0.602,8.31250
1990-01-22,0.61,0.628,8.31250
1990-01-19,0.637,0.647,8.37500
1990-01-18,0.618,0.6509999999999999,8.37500
1990-01-17,0.605,0.638,8.31250
1990-01-16,0.64,0.703,8.25000
1990-01-15,0.6459999999999999,0.7240000000000001,8.25000
1990-01-12,0.6970000000000001,0.784,8.25000
1990-01-11,0.693,0.773,8.25000
1990-01-10,0.669,0.7490000000000001,8.26563
1990-01-09,0.6509999999999999,0.746,8.31250
1990-01-08,0.643,0.809,8.35938
1990-01-05,0.6779999999999999,0.8740000000000001,8.37500
1990-01-04,0.732,0.9670000000000001,8.37500
1990-01-03,0.782,1.012,8.37500
1989-12-29,1.0190000000000001,1.004,8.50000
1989-12-28,0.9640000000000001,1.084,8.50000
1989-12-27,0.997,1.1520000000000001,8.93750
1989-12-26,0.925,1.08,.
1989-12-22,0.8170000000000001,0.929,8.75000
1989-12-21,0.7979999999999999,0.8759999999999999,8.75000
1989-12-20,0.758,0.838,8.93750
1989-12-19,0.75,0.833,8.93750
1989-12-18,0.747,0.8290000000000001,8.93750
1989-12-15,0.7040000000000001,0.7490000000000001,8.87500
1989-12-14,0.6729999999999999,0.6990000000000001,8.87500
1989-12-13,0.68,0.701,8.81250
1989-12-12,0.6729999999999999,0.6920000000000001,8.81250
1989-12-11,0.67,0.6809999999999999,8.75000
1989-12-08,0.664,0.672,8.81250
1989-12-07,0.655,0.6629999999999999,8.75000
1989-12-06,0.645,0.653,8.68750
1989-12-05,0.6409999999999999,0.6459999999999999,8.68750
1989-12-04,0.638,0.648,8.68750
1989-12-01,0.629,0.638,8.75000
1989-11-30,0.627,0.619,8.81250
1989-11-29,0.606,0.605,8.81250
1989-11-28,0.603,0.604,8.43750
1989-11-27,0.609,0.608,8.31250
1989-11-24,0.614,0.613,8.31250
1989-11-22,0.611,0.61,8.50000
1989-11-21,0.599,0.601,8.50000
1989-11-20,0.601,0.6,8.50000
1989-11-17,0.593,0.59,8.50000
1989-11-16,0.588,0.584,8.50000
1989-11-15,0.5710000000000001,0.568,8.50000
1989-11-14,0.575,0.5710000000000001,8.56250
1989-11-13,0.5770000000000001,0.573,8.56250
1989-11-10,0.585,0.58,8.56250
1989-11-09,0.589,0.573,8.56250
1989-11-08,0.5870000000000001,0.59,8.62500
1989-11-07,0.598,0.59,8.75000
1989-11-06,0.597,0.59,8.75000
1989-11-03,0.601,0.595,8.68750
1989-11-02,0.6,0.595,8.75000
1989-11-01,0.604,0.6,8.75000
1989-10-31,0.586,0.585,8.75000
1989-10-30,0.5760000000000001,0.573,8.68750
1989-10-27,0.5770000000000001,0.573,8.68750
1989-10-26,0.5720000000000001,0.569,8.68750
1989-10-25,0.584,0.581,8.68750
1989-10-24,0.585,0.583,8.68750
1989-10-23,0.584,0.58,8.75000
1989-10-20,0.604,0.598,8.75000
1989-10-19,0.609,0.605,8.75000
1989-10-18,0.606,0.6,8.68750
1989-10-17,0.611,0.607,8.62500
1989-10-16,0.604,0.598,8.50000
1989-10-13,0.609,0.603,8.75000
1989-10-12,0.612,0.601,8.81250
1989-10-11,0.598,0.596,8.81250
1989-10-10,0.596,0.59,8.75000
1989-10-09,0.588,0.581,8.82813
1989-10-06,0.5820000000000001,0.5760000000000001,9.00000
1989-10-05,0.579,0.573,9.06250
1989-10-04,0.59,0.584,9.06250
1989-10-03,0.597,0.59,9.06250
1989-10-02,0.596,0.59,9.12500
1989-09-29,0.594,0.588,9.12500
1989-09-28,0.589,0.5820000000000001,9.06250
1989-09-27,0.585,0.581,9.06250
1989-09-26,0.5770000000000001,0.569,9.06250
1989-09-25,0.575,0.569,9.00000
1989-09-22,0.57,0.561,9.00000
1989-09-21,0.5760000000000001,0.5670000000000001,9.00000
1989-09-20,0.5660000000000001,0.557,8.93750
1989-09-19,0.55,0.542,8.93750
1989-09-18,0.557,0.547,8.93750
1989-09-15,0.56,0.551,8.93750
1989-09-14,0.55,0.54,8.93750
1989-09-13,0.555,0.544,8.93750
1989-09-12,0.5539999999999999,0.545,8.93750
1989-09-11,0.56,0.5539999999999999,9.00000
1989-09-08,0.5670000000000001,0.561,9.00000
1989-09-07,0.555,0.5489999999999999,9.00000
1989-09-06,0.555,0.556,9.00000
1989-09-05,0.546,0.539,9.00000
1989-09-01,0.54,0.5329999999999999,9.00000
1989-08-31,0.5379999999999999,0.532,9.00000
1989-08-30,0.531,0.525,9.00000
1989-08-29,0.522,0.513,9.06250
1989-08-28,0.517,0.51,.
1989-08-25,0.514,0.508,9.00000
1989-08-24,0.517,0.51,9.00000
1989-08-23,0.519,0.51,9.06250
1989-08-22,0.518,0.508,9.00000
1989-08-21,0.519,0.51,9.00000
1989-08-18,0.51,0.499,9.00000
1989-08-17,0.51,0.499,9.00000
1989-08-16,0.512,0.5,9.06250
1989-08-15,0.503,0.494,9.06250
1989-08-14,0.5,0.48700000000000004,9.00000
1989-08-11,0.502,0.48700000000000004,8.93750
1989-08-10,0.502,0.488,8.93750
1989-08-09,0.494,0.48200000000000004,8.87500
1989-08-08,0.486,0.47100000000000003,8.87500
1989-08-07,0.484,0.47600000000000003,8.87500
1989-08-04,0.49200000000000005,0.483,8.75000
1989-08-03,0.491,0.48200000000000004,8.68750
1989-08-02,0.495,0.48700000000000004,8.62500
1989-08-01,0.49200000000000005,0.48100000000000004,8.56250
1989-07-31,0.48700000000000004,0.483,8.68750
1989-07-28,0.48200000000000004,0.479,8.87500
1989-07-27,0.493,0.488,8.93750
1989-07-26,0.495,0.489,9.06250
1989-07-25,0.494,0.49,9.12500
1989-07-24,0.496,0.49,9.12500
1989-07-21,0.513,0.507,9.06250
1989-07-20,0.518,0.515,9.12500
1989-07-19,0.504,0.49700000000000005,9.18750
1989-07-18,0.505,0.494,9.12500
1989-07-17,0.504,0.498,9.12500
1989-07-14,0.493,0.48700000000000004,9.06250
1989-07-13,0.494,0.491,9.06250
1989-07-12,0.489,0.486,9.06250
1989-07-11,0.493,0.49200000000000005,9.12500
1989-07-10,0.488,0.48700000000000004,9.18750
1989-07-07,0.498,0.496,9.31250
1989-07-06,0.499,0.495,9.31250
1989-07-05,0.511,0.508,9.31250
1989-06-30,0.494,0.49200000000000005,9.43750
1989-06-29,0.495,0.493,9.50000
1989-06-28,0.493,0.49200000000000005,9.50000
1989-06-27,0.505,0.502,9.56250
1989-06-26,0.49700000000000005,0.495,9.56250
1989-06-23,0.495,0.496,9.62500
1989-06-22,0.486,0.48700000000000004,9.56250
1989-06-21,0.48,0.47600000000000003,9.50000
1989-06-20,0.457,0.461,9.50000
1989-06-19,0.461,0.46299999999999997,9.50000
1989-06-16,0.457,0.45899999999999996,9.50000
1989-06-15,0.46299999999999997,0.461,9.43750
1989-06-14,0.457,0.46,9.43750
1989-06-13,0.446,0.45,9.43750
1989-06-12,0.455,0.45799999999999996,9.37500
1989-06-09,0.47,0.484,9.37500
1989-06-08,0.48700000000000004,0.49,9.37500
1989-06-07,0.48700000000000004,0.49200000000000005,9.54688
1989-06-06,0.51,0.514,9.56250
1989-06-05,0.519,0.528,9.62500
1989-06-02,0.5,0.512,9.75000
1989-06-01,0.48100000000000004,0.501,9.75000
1989-05-31,0.48700000000000004,0.498,9.68750
1989-05-30,0.49200000000000005,0.504,9.68750
1989-05-26,0.49200000000000005,0.513,9.75000
1989-05-25,0.491,0.512,9.68750
1989-05-24,0.496,0.52,9.62500
1989-05-23,0.475,0.506,9.50000
1989-05-22,0.47,0.496,9.68750
1989-05-19,0.48100000000000004,0.507,9.75000
1989-05-18,0.47600000000000003,0.502,9.68750
1989-05-17,0.48,0.504,9.68750
1989-05-16,0.49200000000000005,0.516,9.68750
1989-05-15,0.499,0.523,9.64063
1989-05-12,0.491,0.516,9.87500
1989-05-11,0.48700000000000004,0.513,9.93750
1989-05-10,0.475,0.506,9.93750
1989-05-09,0.47,0.491,9.87500
1989-05-08,0.467,0.488,9.87500
1989-05-05,0.474,0.498,9.87500
1989-05-04,0.486,0.512,9.87500
1989-05-03,0.479,0.504,9.87500
1989-05-02,0.47600000000000003,0.5,9.95313
1989-05-01,0.495,0.524,.
1989-04-28,0.522,0.531,9.87500
1989-04-27,0.519,0.526,9.93750
1989-04-26,0.51,0.515,9.93750
1989-04-25,0.521,0.526,10.00000
1989-04-24,0.518,0.523,10.00000
1989-04-21,0.536,0.54,10.00000
1989-04-20,0.523,0.527,9.93750
1989-04-19,0.5329999999999999,0.534,9.93750
1989-04-18,0.528,0.536,10.00000
1989-04-17,0.5379999999999999,0.541,10.00000
1989-04-14,0.529,0.53,10.06250
1989-04-13,0.521,0.53,10.00000
1989-04-12,0.532,0.5479999999999999,10.00000
1989-04-11,0.532,0.547,10.00000
1989-04-10,0.535,0.5539999999999999,10.00000
1989-04-07,0.516,0.54,10.06250
1989-04-06,0.512,0.539,10.00000
1989-04-05,0.516,0.542,10.00000
1989-04-04,0.536,0.5670000000000001,10.00000
1989-04-03,0.528,0.564,10.00000
1989-03-31,0.569,0.569,10.06250
1989-03-30,0.562,0.556,10.06250
1989-03-29,0.546,0.545,10.25000
1989-03-28,0.55,0.5539999999999999,10.25000
1989-03-27,0.5760000000000001,0.5920000000000001,.
1989-03-23,0.565,0.594,10.12500
1989-03-22,0.56,0.58,10.25000
1989-03-21,0.5539999999999999,0.581,10.31250
1989-03-20,0.534,0.57,10.25000
1989-03-17,0.536,0.5710000000000001,10.06250
1989-03-16,0.5379999999999999,0.5820000000000001,10.06250
1989-03-15,0.542,0.594,10.09375
1989-03-14,0.524,0.581,10.12500
1989-03-13,0.524,0.574,10.12500
1989-03-10,0.512,0.569,10.06250
1989-03-09,0.504,0.563,10.00000
1989-03-08,0.514,0.58,9.93750
1989-03-07,0.511,0.569,9.93750
1989-03-06,0.514,0.564,9.93750
1989-03-03,0.508,0.546,10.00000
1989-03-02,0.519,0.5579999999999999,10.00000
1989-03-01,0.505,0.534,10.06250
1989-02-28,0.525,0.529,10.06250
1989-02-27,0.527,0.5329999999999999,10.06250
1989-02-24,0.517,0.526,9.75000
1989-02-23,0.506,0.515,9.62500
1989-02-22,0.502,0.5,9.56250
1989-02-21,0.489,0.5,9.50000
1989-02-17,0.499,0.51,9.50000
1989-02-16,0.49700000000000005,0.508,9.50000
1989-02-15,0.48700000000000004,0.501,9.56250
1989-02-14,0.474,0.489,9.50000
1989-02-13,0.48200000000000004,0.495,9.56250
1989-02-10,0.474,0.489,9.43750
1989-02-09,0.486,0.504,9.37500
1989-02-08,0.491,0.516,9.37500
1989-02-07,0.499,0.526,9.37500
1989-02-06,0.504,0.527,9.31250
1989-02-03,0.503,0.526,9.25000
1989-02-02,0.506,0.529,9.25000
1989-02-01,0.504,0.531,9.25000
1989-01-31,0.523,0.524,9.25000
1989-01-30,0.526,0.53,9.25000
1989-01-27,0.52,0.525,9.25000
1989-01-26,0.509,0.517,9.25000
1989-01-25,0.522,0.536,9.18750
1989-01-24,0.509,0.522,9.25000
1989-01-23,0.504,0.524,9.25000
1989-01-20,0.526,0.546,9.25000
1989-01-19,0.5379999999999999,0.5589999999999999,9.25000
1989-01-18,0.546,0.569,9.31250
1989-01-17,0.531,0.5489999999999999,9.25000
1989-01-16,0.532,0.555,9.25000
1989-01-13,0.53,0.552,9.25000
1989-01-12,0.528,0.545,9.25000
1989-01-11,0.537,0.556,9.25000
1989-01-10,0.539,0.56,9.25000
1989-01-09,0.542,0.56,9.25000
1989-01-06,0.536,0.555,9.25000
1989-01-05,0.535,0.5489999999999999,9.31250
1989-01-04,0.527,0.5379999999999999,9.25000
1989-01-03,0.532,0.544,9.18750
1988-12-30,0.535,0.535,9.18750
1988-12-29,0.528,0.526,9.18750
1988-12-28,0.535,0.54,9.62500
1988-12-27,0.5379999999999999,0.541,.
1988-12-23,0.531,0.536,9.50000
1988-12-22,0.525,0.529,9.56250
1988-12-21,0.519,0.523,9.68750
1988-12-20,0.515,0.519,9.75000
1988-12-19,0.508,0.509,9.81250
1988-12-16,0.52,0.521,9.81250
1988-12-15,0.509,0.511,9.68750
1988-12-14,0.511,0.511,9.62500
1988-12-13,0.493,0.494,9.62500
1988-12-12,0.502,0.504,9.62500
1988-12-09,0.495,0.495,9.56250
1988-12-08,0.48100000000000004,0.48100000000000004,9.56250
1988-12-07,0.489,0.488,9.56250
1988-12-06,0.486,0.48200000000000004,9.64063
1988-12-05,0.484,0.48200000000000004,9.68750
1988-12-02,0.49,0.49,9.45313
1988-12-01,0.49200000000000005,0.491,9.43750
1988-11-30,0.483,0.484,9.56250
1988-11-29,0.478,0.479,9.75000
1988-11-28,0.48700000000000004,0.486,8.75000
1988-11-23,0.457,0.456,8.62500
1988-11-22,0.45399999999999996,0.45,8.62500
1988-11-21,0.435,0.436,8.62500
1988-11-18,0.428,0.431,8.68750
1988-11-17,0.43,0.431,8.75000
1988-11-16,0.445,0.445,8.62500
1988-11-15,0.444,0.446,8.56250
1988-11-14,0.446,0.447,8.56250
1988-11-11,0.44,0.44,8.56250
1988-11-10,0.439,0.439,8.56250
1988-11-09,0.445,0.444,8.50000
1988-11-08,0.435,0.433,8.50000
1988-11-07,0.441,0.44299999999999995,8.43750
1988-11-04,0.441,0.442,8.37500
1988-11-03,0.44299999999999995,0.44299999999999995,8.37500
1988-11-02,0.434,0.435,8.37500
1988-11-01,0.43200000000000005,0.435,8.37500
1988-10-31,0.426,0.42700000000000005,8.37500
1988-10-28,0.433,0.434,8.37500
1988-10-27,0.43,0.429,8.37500
1988-10-26,0.41600000000000004,0.414,8.37500
1988-10-25,0.40399999999999997,0.406,8.37500
1988-10-24,0.39899999999999997,0.392,8.37500
1988-10-21,0.42700000000000005,0.419,8.37500
1988-10-20,0.431,0.42100000000000004,8.37500
1988-10-19,0.439,0.43,8.31250
1988-10-18,0.423,0.415,8.31250
1988-10-17,0.439,0.43,8.31250
1988-10-14,0.43200000000000005,0.424,8.31250
1988-10-13,0.418,0.39399999999999996,8.31250
1988-10-12,0.408,0.401,8.31250
1988-10-11,0.391,0.385,8.25000
1988-10-10,0.39,0.384,8.25000
1988-10-07,0.375,0.366,8.31250
1988-10-06,0.37200000000000005,0.364,8.31250
1988-10-05,0.37799999999999995,0.369,8.31250
1988-10-04,0.382,0.37200000000000005,8.31250
1988-10-03,0.37799999999999995,0.369,8.31250
1988-09-30,0.38,0.376,8.31250
1988-09-29,0.395,0.39,8.37500
1988-09-28,0.395,0.391,8.42188
1988-09-27,0.395,0.389,8.31250
1988-09-26,0.402,0.395,8.31250
1988-09-23,0.402,0.39399999999999996,8.25000
1988-09-22,0.41100000000000003,0.402,8.25000
1988-09-20,0.413,0.402,8.25000
1988-09-19,0.414,0.405,8.25000
1988-09-16,0.414,0.406,8.25000
1988-09-15,0.42700000000000005,0.419,8.25000
1988-09-14,0.441,0.433,8.25000
1988-09-13,0.418,0.40700000000000003,8.25000
1988-09-12,0.41700000000000004,0.41100000000000003,8.25000
1988-09-09,0.41,0.40399999999999997,8.25000
1988-09-08,0.419,0.41200000000000003,8.31250
1988-09-07,0.41600000000000004,0.413,8.25000
1988-09-06,0.41700000000000004,0.41100000000000003,8.31250
1988-09-02,0.429,0.425,8.43750
1988-09-01,0.435,0.431,8.40625
1988-08-31,0.43,0.428,8.37500
1988-08-30,0.431,0.433,8.51563
1988-08-29,0.428,0.425,.
1988-08-26,0.42700000000000005,0.423,8.37500
1988-08-25,0.425,0.42100000000000004,8.32813
1988-08-24,0.43799999999999994,0.434,8.31250
1988-08-23,0.44,0.435,8.37500
1988-08-22,0.447,0.44299999999999995,8.31250
1988-08-19,0.445,0.44,8.37500
1988-08-18,0.442,0.43700000000000006,8.37500
1988-08-17,0.439,0.434,8.39063
1988-08-16,0.44,0.436,8.50000
1988-08-15,0.44299999999999995,0.439,8.43750
1988-08-12,0.44,0.43700000000000006,8.37500
1988-08-11,0.446,0.44,8.35938
1988-08-10,0.442,0.43799999999999994,8.29688
1988-08-09,0.441,0.434,8.06250
1988-08-08,0.445,0.44,8.10938
1988-08-05,0.43,0.42700000000000005,8.00000
1988-08-04,0.425,0.42100000000000004,8.00000
1988-08-03,0.43,0.426,8.06250
1988-08-02,0.44299999999999995,0.439,8.06250
1988-08-01,0.451,0.44799999999999995,8.09375
1988-07-29,0.447,0.44299999999999995,8.12500
1988-07-28,0.44299999999999995,0.439,8.12500
1988-07-27,0.45,0.44799999999999995,8.12500
1988-07-26,0.43799999999999994,0.43700000000000006,8.06250
1988-07-25,0.442,0.44,8.06250
1988-07-22,0.45,0.449,8.06250
1988-07-21,0.455,0.451,8.00000
1988-07-20,0.447,0.44799999999999995,8.00000
1988-07-19,0.429,0.428,8.07813
1988-07-18,0.433,0.431,8.06250
1988-07-15,0.41100000000000003,0.41,8.06250
1988-07-14,0.409,0.408,7.87500
1988-07-13,0.401,0.396,7.87500
1988-07-12,0.40700000000000003,0.39899999999999997,7.87500
1988-07-11,0.413,0.409,7.87500
1988-07-08,0.434,0.429,7.81250
1988-07-07,0.44299999999999995,0.43700000000000006,7.87500
1988-07-06,0.426,0.424,7.81250
1988-07-05,0.41600000000000004,0.414,7.81250
1988-07-01,0.41,0.406,7.81250
1988-06-30,0.409,0.409,7.81250
1988-06-29,0.415,0.415,7.81250
1988-06-28,0.423,0.429,7.87500
1988-06-27,0.426,0.425,7.75000
1988-06-24,0.431,0.43,7.68750
1988-06-23,0.439,0.43799999999999994,7.68750
1988-06-22,0.436,0.43700000000000006,7.68750
1988-06-21,0.433,0.43200000000000005,7.75000
1988-06-20,0.43200000000000005,0.435,7.68750
1988-06-17,0.436,0.439,7.62500
1988-06-16,0.441,0.442,7.56250
1988-06-15,0.434,0.44,7.56250
1988-06-14,0.44299999999999995,0.45,7.56250
1988-06-13,0.43799999999999994,0.445,7.56250
1988-06-10,0.44299999999999995,0.45,7.56250
1988-06-09,0.449,0.45799999999999996,7.56250
1988-06-08,0.45899999999999996,0.469,7.62500
1988-06-07,0.462,0.47100000000000003,7.56250
1988-06-06,0.45799999999999996,0.47,7.56250
1988-06-03,0.47100000000000003,0.48,7.62500
1988-06-02,0.474,0.491,7.56250
1988-06-01,0.473,0.491,7.62500
1988-05-31,0.48200000000000004,0.499,7.62500
1988-05-27,0.478,0.494,7.56250
1988-05-26,0.48200000000000004,0.503,7.31250
1988-05-25,0.473,0.502,7.31250
1988-05-24,0.473,0.502,7.31250
1988-05-23,0.469,0.5,7.31250
1988-05-20,0.47700000000000004,0.506,7.29688
1988-05-19,0.47600000000000003,0.505,7.26563
1988-05-18,0.47100000000000003,0.5,7.31250
1988-05-17,0.478,0.501,7.29688
1988-05-16,0.48,0.509,7.25000
1988-05-13,0.475,0.513,7.25000
1988-05-12,0.47200000000000003,0.511,7.31250
1988-05-11,0.475,0.516,7.37500
1988-05-10,0.47700000000000004,0.521,7.25000
1988-05-09,0.47700000000000004,0.52,7.12500
1988-05-06,0.474,0.523,7.10938
1988-05-05,0.466,0.522,7.06250
1988-05-04,0.462,0.513,7.06250
1988-05-03,0.46799999999999997,0.513,7.18750
1988-05-02,0.46,0.508,.
1988-04-29,0.518,0.54,7.12500
1988-04-28,0.51,0.539,7.06250
1988-04-27,0.518,0.546,7.06250
1988-04-26,0.52,0.556,7.12500
1988-04-25,0.512,0.547,7.06250
1988-04-22,0.506,0.539,7.12500
1988-04-21,0.505,0.5379999999999999,7.17188
1988-04-20,0.493,0.524,7.12500
1988-04-19,0.49700000000000005,0.522,7.12500
1988-04-18,0.505,0.524,7.06250
1988-04-15,0.498,0.519,6.96875
1988-04-14,0.495,0.516,6.93750
1988-04-13,0.49,0.511,6.93750
1988-04-12,0.489,0.508,7.00000
1988-04-11,0.479,0.495,7.00000
1988-04-08,0.455,0.47100000000000003,7.00000
1988-04-07,0.457,0.475,7.00000
1988-04-06,0.45299999999999996,0.47,7.00000
1988-04-05,0.452,0.473,6.93750
1988-04-04,0.46,0.48100000000000004,.
1988-03-31,0.48200000000000004,0.483,6.79688
1988-03-30,0.486,0.49,6.81250
1988-03-29,0.48200000000000004,0.49700000000000005,6.81250
1988-03-28,0.48200000000000004,0.501,6.81250
1988-03-25,0.478,0.501,6.81250
1988-03-24,0.474,0.495,6.81250
1988-03-23,0.47700000000000004,0.501,6.81250
1988-03-22,0.46299999999999997,0.49200000000000005,6.81250
1988-03-21,0.45399999999999996,0.484,6.79688
1988-03-18,0.451,0.485,6.75000
1988-03-17,0.442,0.46299999999999997,6.81250
1988-03-16,0.441,0.462,6.81250
1988-03-15,0.435,0.461,6.81250
1988-03-14,0.433,0.455,6.81250
1988-03-11,0.447,0.469,6.81250
1988-03-10,0.439,0.46299999999999997,6.75000
1988-03-09,0.43,0.45299999999999996,6.81250
1988-03-08,0.435,0.461,6.81250
1988-03-07,0.434,0.462,6.81250
1988-03-04,0.435,0.46399999999999997,6.75000
1988-03-03,0.429,0.456,6.75000
1988-03-02,0.439,0.46799999999999997,6.75000
1988-03-01,0.435,0.46299999999999997,6.81250
1988-02-29,0.47200000000000003,0.474,6.81250
1988-02-26,0.457,0.45799999999999996,6.81250
1988-02-25,0.452,0.45399999999999996,6.75000
1988-02-24,0.46399999999999997,0.46799999999999997,6.75000
1988-02-23,0.465,0.478,6.81250
1988-02-22,0.45799999999999996,0.469,6.81250
1988-02-19,0.45799999999999996,0.47,6.81250
1988-02-18,0.451,0.462,6.81250
1988-02-17,0.456,0.47,6.87500
1988-02-16,0.46399999999999997,0.484,6.76563
1988-02-12,0.466,0.485,6.59375
1988-02-11,0.474,0.49200000000000005,6.56250
1988-02-09,0.486,0.501,6.75000
1988-02-08,0.49200000000000005,0.511,6.75000
1988-02-05,0.49,0.516,6.81250
1988-02-04,0.483,0.502,6.81250
1988-02-03,0.479,0.49,6.81250
1988-02-02,0.469,0.478,6.87500
1988-02-01,0.46299999999999997,0.473,6.81250
1988-01-29,0.48,0.48,6.81250
1988-01-28,0.49,0.49,6.87500
1988-01-27,0.48700000000000004,0.489,6.93750
1988-01-26,0.498,0.501,6.93750
1988-01-25,0.501,0.504,6.93750
1988-01-22,0.49200000000000005,0.496,6.93750
1988-01-21,0.49,0.494,7.00000
1988-01-20,0.51,0.513,7.01563
1988-01-19,0.512,0.519,7.00000
1988-01-18,0.507,0.519,7.00000
1988-01-15,0.506,0.518,7.00000
1988-01-14,0.515,0.527,7.06250
1988-01-13,0.509,0.526,7.06250
1988-01-12,0.513,0.53,7.06250
1988-01-11,0.518,0.531,7.06250
1988-01-08,0.537,0.5489999999999999,7.06250
1988-01-07,0.5379999999999999,0.547,7.12500
1988-01-06,0.535,0.545,7.12500
1988-01-05,0.536,0.542,7.01563
1988-01-04,0.528,0.534,7.06250
1987-12-31,0.514,0.513,7.12500
1987-12-30,0.512,0.511,7.18750
1987-12-29,0.519,0.519,8.00000
1987-12-28,0.511,0.514,.
1987-12-24,0.513,0.522,8.06250
1987-12-23,0.516,0.522,8.20313
1987-12-22,0.52,0.53,8.12500
1987-12-21,0.494,0.504,8.12500
1987-12-18,0.48700000000000004,0.499,8.31250
1987-12-17,0.496,0.506,8.31250
1987-12-16,0.493,0.504,8.43750
1987-12-15,0.51,0.522,8.62500
1987-12-14,0.534,0.5429999999999999,8.56250
1987-12-11,0.5489999999999999,0.56,8.43750
1987-12-10,0.55,0.562,8.31250
1987-12-09,0.5479999999999999,0.5589999999999999,8.37500
1987-12-08,0.541,0.5489999999999999,8.25000
1987-12-07,0.5489999999999999,0.561,8.06250
1987-12-04,0.563,0.575,8.00000
1987-12-03,0.5670000000000001,0.58,8.06250
1987-12-02,0.557,0.568,8.06250
1987-12-01,0.5489999999999999,0.56,8.00000
1987-11-30,0.5589999999999999,0.564,8.18750
1987-11-25,0.56,0.564,6.93750
1987-11-24,0.555,0.5589999999999999,6.87500
1987-11-23,0.557,0.561,6.87500
1987-11-20,0.555,0.557,6.90625
1987-11-19,0.5489999999999999,0.551,6.93750
1987-11-18,0.5489999999999999,0.551,6.93750
1987-11-17,0.552,0.5489999999999999,7.06250
1987-11-16,0.5579999999999999,0.56,6.93750
1987-11-13,0.562,0.563,6.87500
1987-11-12,0.568,0.57,6.87500
1987-11-11,0.57,0.57,6.87500
1987-11-10,0.5589999999999999,0.563,6.87500
1987-11-09,0.5479999999999999,0.552,6.84375
1987-11-06,0.5539999999999999,0.555,6.68750
1987-11-05,0.5529999999999999,0.5529999999999999,6.68750
1987-11-04,0.552,0.551,6.93750
1987-11-03,0.562,0.562,7.07813
1987-11-02,0.5660000000000001,0.565,7.15625
1987-10-30,0.575,0.573,7.12500
1987-10-29,0.573,0.5720000000000001,7.12500
1987-10-28,0.5760000000000001,0.575,7.31250
1987-10-27,0.574,0.573,7.25000
1987-10-26,0.569,0.5670000000000001,7.12500
1987-10-23,0.575,0.573,7.12500
1987-10-22,0.5770000000000001,0.5760000000000001,7.31250
1987-10-21,0.5710000000000001,0.569,7.50000
1987-10-20,0.563,0.5670000000000001,8.00000
1987-10-19,0.5670000000000001,0.562,8.18750
1987-10-16,0.5770000000000001,0.575,8.12500
1987-10-15,0.561,0.5589999999999999,8.06250
1987-10-14,0.56,0.5589999999999999,7.93750
1987-10-13,0.557,0.557,7.93750
1987-10-12,0.5579999999999999,0.555,7.93750
1987-10-09,0.5579999999999999,0.555,7.93750
1987-10-08,0.557,0.5579999999999999,7.75000
1987-10-07,0.557,0.5539999999999999,7.75000
1987-10-06,0.5479999999999999,0.547,7.75000
1987-10-05,0.5589999999999999,0.555,7.68750
1987-10-02,0.556,0.552,7.68750
1987-10-01,0.5479999999999999,0.544,7.68750
1987-09-30,0.541,0.54,7.75000
1987-09-29,0.542,0.537,7.62500
1987-09-28,0.534,0.53,7.62500
1987-09-25,0.534,0.53,7.56250
1987-09-24,0.535,0.531,7.56250
1987-09-23,0.532,0.528,7.56250
1987-09-22,0.521,0.519,7.56250
1987-09-21,0.523,0.519,7.56250
1987-09-18,0.521,0.517,7.56250
1987-09-17,0.519,0.515,7.56250
1987-09-16,0.523,0.519,7.56250
1987-09-15,0.526,0.519,7.43750
1987-09-14,0.53,0.525,7.43750
1987-09-11,0.524,0.52,7.50000
1987-09-10,0.529,0.524,7.50000
1987-09-09,0.523,0.521,7.56250
1987-09-08,0.509,0.507,7.43750
1987-09-04,0.518,0.515,7.18750
1987-09-03,0.522,0.521,7.18750
1987-09-02,0.524,0.519,7.18750
1987-09-01,0.522,0.52,7.18750
1987-08-31,0.521,0.519,.
1987-08-28,0.513,0.509,7.12500
1987-08-27,0.517,0.515,7.00000
1987-08-26,0.512,0.51,6.81250
1987-08-25,0.491,0.486,6.81250
1987-08-24,0.49,0.489,6.81250
1987-08-21,0.498,0.494,6.81250
1987-08-20,0.503,0.499,6.81250
1987-08-19,0.512,0.508,6.81250
1987-08-18,0.517,0.511,6.75000
1987-08-17,0.516,0.514,6.75000
1987-08-14,0.536,0.53,6.68750
1987-08-13,0.542,0.536,6.68750
1987-08-12,0.546,0.541,6.70313
1987-08-11,0.546,0.541,6.75000
1987-08-10,0.54,0.536,6.76563
1987-08-07,0.5489999999999999,0.545,6.76563
1987-08-06,0.5529999999999999,0.5489999999999999,6.78125
1987-08-05,0.555,0.551,6.84375
1987-08-04,0.564,0.5579999999999999,6.89063
1987-08-03,0.57,0.5660000000000001,6.81250
1987-07-31,0.547,0.544,6.75000
1987-07-30,0.546,0.545,6.75000
1987-07-29,0.5479999999999999,0.545,6.76563
1987-07-28,0.55,0.546,6.81250
1987-07-27,0.532,0.531,6.81250
1987-07-24,0.532,0.5329999999999999,6.81250
1987-07-23,0.551,0.547,6.81250
1987-07-22,0.556,0.5529999999999999,6.75000
1987-07-21,0.5539999999999999,0.552,6.75000
1987-07-20,0.568,0.564,6.75000
1987-07-17,0.5670000000000001,0.563,6.75000
1987-07-16,0.5589999999999999,0.5589999999999999,6.81250
1987-07-15,0.5589999999999999,0.555,6.75000
1987-07-14,0.5539999999999999,0.5539999999999999,6.81250
1987-07-13,0.55,0.5479999999999999,6.81250
1987-07-10,0.5529999999999999,0.551,6.87500
1987-07-09,0.55,0.547,6.87500
1987-07-08,0.541,0.539,6.87500
1987-07-07,0.5379999999999999,0.535,6.87500
1987-07-06,0.5429999999999999,0.544,6.84375
1987-07-02,0.5379999999999999,0.541,6.93750
1987-07-01,0.539,0.54,7.00000
1987-06-30,0.5379999999999999,0.539,7.06250
1987-06-29,0.534,0.534,7.12500
1987-06-26,0.526,0.53,7.17188
1987-06-25,0.512,0.515,7.12500
1987-06-24,0.509,0.512,7.12500
1987-06-23,0.512,0.514,7.12500
1987-06-22,0.512,0.513,7.12500
1987-06-19,0.525,0.529,7.12500
1987-06-18,0.525,0.529,7.10938
1987-06-17,0.527,0.532,7.10938
1987-06-16,0.526,0.529,7.10938
1987-06-15,0.524,0.526,7.06250
1987-06-12,0.519,0.522,7.10938
1987-06-11,0.519,0.523,7.12500
1987-06-10,0.522,0.524,7.14063
1987-06-09,0.519,0.523,7.12500
1987-06-08,0.52,0.522,7.12500
1987-06-05,0.514,0.515,7.12500
1987-06-04,0.514,0.516,7.12500
1987-06-03,0.516,0.519,7.18750
1987-06-02,0.514,0.514,7.12500
1987-06-01,0.51,0.519,7.12500
1987-05-29,0.515,0.519,7.25000
1987-05-28,0.513,0.517,7.18750
1987-05-27,0.517,0.52,7.06250
1987-05-26,0.52,0.527,7.06250
1987-05-22,0.521,0.527,7.25000
1987-05-21,0.524,0.531,7.25000
1987-05-20,0.516,0.522,7.37500
1987-05-19,0.52,0.526,7.31250
1987-05-18,0.519,0.524,7.25000
1987-05-15,0.519,0.524,7.00000
1987-05-14,0.521,0.524,6.93750
1987-05-13,0.518,0.521,6.93750
1987-05-12,0.517,0.523,6.93750
1987-05-11,0.521,0.517,6.87500
1987-05-08,0.514,0.515,6.93750
1987-05-07,0.508,0.508,6.96875
1987-05-06,0.512,0.513,7.03125
1987-05-05,0.498,0.503,7.06250
1987-05-04,0.495,0.496,.
1987-05-01,0.49200000000000005,0.494,7.00000
1987-04-30,0.495,0.494,6.81250
1987-04-29,0.486,0.484,6.75000
1987-04-28,0.499,0.496,6.81250
1987-04-27,0.49700000000000005,0.499,6.87500
1987-04-24,0.496,0.49700000000000005,6.81250
1987-04-23,0.493,0.494,6.75000
1987-04-22,0.47700000000000004,0.479,6.68750
1987-04-21,0.47700000000000004,0.47600000000000003,6.81250
1987-04-20,0.46799999999999997,0.47,.
1987-04-16,0.475,0.47600000000000003,6.75000
1987-04-15,0.479,0.48100000000000004,6.81250
1987-04-14,0.467,0.47,7.00000
1987-04-13,0.47,0.473,6.75000
1987-04-10,0.46799999999999997,0.469,6.56250
1987-04-09,0.47700000000000004,0.478,6.43750
1987-04-08,0.48200000000000004,0.483,6.43750
1987-04-07,0.49200000000000005,0.488,6.43750
1987-04-06,0.488,0.489,6.43750
1987-04-03,0.494,0.494,6.50000
1987-04-02,0.49700000000000005,0.499,6.50000
1987-04-01,0.494,0.495,6.56250
1987-03-31,0.49700000000000005,0.47100000000000003,6.57813
1987-03-30,0.49200000000000005,0.488,6.56250
1987-03-27,0.491,0.489,6.50000
1987-03-26,0.493,0.489,6.50000
1987-03-25,0.494,0.49200000000000005,6.50000
1987-03-24,0.505,0.499,6.56250
1987-03-23,0.493,0.495,6.50000
1987-03-20,0.498,0.5,6.43750
1987-03-19,0.506,0.51,6.50000
1987-03-18,0.504,0.499,6.50000
1987-03-17,0.521,0.53,6.56250
1987-03-16,0.517,0.52,6.56250
1987-03-13,0.504,0.506,6.56250
1987-03-12,0.504,0.503,6.59375
1987-03-11,0.502,0.502,6.62500
1987-03-10,0.493,0.501,6.56250
1987-03-09,0.49,0.491,6.50000
1987-03-06,0.49200000000000005,0.494,6.37500
1987-03-05,0.479,0.484,6.43750
1987-03-04,0.46399999999999997,0.45799999999999996,6.43750
1987-03-03,0.46299999999999997,0.45899999999999996,6.43750
1987-03-02,0.433,0.42700000000000005,6.43750
1987-02-27,0.434,0.43,6.46875
1987-02-26,0.44799999999999995,0.449,6.50000
1987-02-25,0.439,0.433,6.29688
1987-02-24,0.45,0.445,6.31250
1987-02-23,0.45799999999999996,0.45399999999999996,6.31250
1987-02-20,0.47700000000000004,0.47200000000000003,6.31250
1987-02-19,0.46799999999999997,0.462,6.37500
1987-02-18,0.47200000000000003,0.46799999999999997,6.50000
1987-02-17,0.479,0.47700000000000004,6.56250
1987-02-13,0.479,0.475,6.43750
1987-02-12,0.483,0.479,6.50000
1987-02-11,0.479,0.475,6.54688
1987-02-10,0.496,0.49,6.43750
1987-02-09,0.49200000000000005,0.488,6.31250
1987-02-06,0.502,0.498,6.18750
1987-02-05,0.51,0.506,6.18750
1987-02-04,0.495,0.491,6.25000
1987-02-03,0.502,0.501,6.26563
1987-02-02,0.512,0.507,6.31250
1987-01-30,0.522,0.521,6.20313
1987-01-29,0.515,0.511,6.25000
1987-01-28,0.511,0.507,6.25000
1987-01-27,0.517,0.516,6.25000
1987-01-26,0.522,0.521,6.25000
1987-01-23,0.534,0.531,6.18750
1987-01-22,0.54,0.5379999999999999,6.18750
1987-01-21,0.526,0.522,6.18750
1987-01-20,0.5379999999999999,0.54,6.20313
1987-01-19,0.532,0.531,6.25000
1987-01-16,0.5529999999999999,0.551,6.18750
1987-01-15,0.5539999999999999,0.551,6.25000
1987-01-14,0.5539999999999999,0.55,6.34375
1987-01-13,0.542,0.534,6.29688
1987-01-12,0.547,0.535,6.18750
1987-01-09,0.53,0.519,6.12500
1987-01-08,0.52,0.506,6.25000
1987-01-07,0.512,0.499,6.37500
1987-01-06,0.51,0.494,6.37500
1987-01-05,0.5,0.484,6.37500
1987-01-02,0.507,0.49,6.50000
1986-12-31,0.489,0.48200000000000004,6.75000
1986-12-30,0.479,0.467,7.76560
1986-12-29,0.483,0.47200000000000003,7.76560
1986-12-24,0.475,0.467,7.56250
1986-12-23,0.469,0.46,8.06250
1986-12-22,0.473,0.46399999999999997,8.62500
1986-12-19,0.452,0.45,7.29690
1986-12-18,0.456,0.446,7.00000
1986-12-17,0.451,0.442,7.06250
1986-12-16,0.455,0.444,6.68750
1986-12-15,0.46399999999999997,0.455,6.50000
1986-12-12,0.46299999999999997,0.45399999999999996,6.43750
1986-12-11,0.452,0.442,6.43750
1986-12-10,0.435,0.429,6.43750
1986-12-09,0.429,0.42200000000000004,6.43750
1986-12-08,0.435,0.429,6.43750
1986-12-05,0.441,0.436,6.39060
1986-12-04,0.439,0.433,6.43750
1986-12-03,0.43799999999999994,0.431,6.50000
1986-12-02,0.43799999999999994,0.435,6.43750
1986-12-01,0.442,0.434,6.37500
1986-11-26,0.42,0.418,6.12500
1986-11-25,0.423,0.419,6.09380
1986-11-24,0.419,0.41600000000000004,6.12500
1986-11-21,0.43200000000000005,0.429,6.12500
1986-11-20,0.433,0.425,6.12500
1986-11-19,0.444,0.433,6.12500
1986-11-18,0.444,0.431,6.12500
1986-11-17,0.447,0.43200000000000005,6.07810
1986-11-14,0.452,0.439,6.06250
1986-11-13,0.45299999999999996,0.43700000000000006,6.06250
1986-11-12,0.439,0.424,6.12500
1986-11-11,0.444,0.428,6.12500
1986-11-10,0.439,0.424,6.12500
1986-11-07,0.434,0.419,6.06250
1986-11-06,0.43,0.414,6.06250
1986-11-05,0.423,0.406,6.06250
1986-11-04,0.426,0.409,6.00000
1986-11-03,0.41100000000000003,0.39399999999999996,6.00000
1986-10-31,0.405,0.39799999999999996,5.93750
1986-10-30,0.396,0.384,5.87500
1986-10-29,0.368,0.359,6.00000
1986-10-28,0.38,0.368,6.03130
1986-10-27,0.38799999999999996,0.374,6.06250
1986-10-24,0.402,0.386,6.06250
1986-10-23,0.40299999999999997,0.387,6.06250
1986-10-22,0.414,0.39899999999999997,6.06250
1986-10-21,0.426,0.409,6.12500
1986-10-20,0.426,0.40700000000000003,6.12500
1986-10-17,0.414,0.396,6.06250
1986-10-16,0.402,0.385,6.00000
1986-10-15,0.408,0.39,6.00000
1986-10-14,0.397,0.38,5.93750
1986-10-10,0.40299999999999997,0.391,5.87500
1986-10-09,0.419,0.402,5.90630
1986-10-08,0.424,0.405,5.93750
1986-10-07,0.42700000000000005,0.409,5.93750
1986-10-06,0.41700000000000004,0.4,6.00000
1986-10-03,0.419,0.402,6.06250
1986-10-02,0.43799999999999994,0.42100000000000004,6.06250
1986-10-01,0.431,0.414,6.10940
1986-09-30,0.413,0.40299999999999997,6.12500
1986-09-29,0.41200000000000003,0.40299999999999997,6.12500
1986-09-26,0.402,0.392,6.12500
1986-09-25,0.397,0.387,6.06250
1986-09-24,0.40399999999999997,0.39399999999999996,6.14060
1986-09-23,0.40299999999999997,0.39399999999999996,6.18750
1986-09-22,0.39899999999999997,0.38799999999999996,6.18750
1986-09-19,0.40399999999999997,0.39399999999999996,6.18750
1986-09-18,0.402,0.391,6.12500
1986-09-17,0.396,0.385,6.18750
1986-09-16,0.392,0.375,6.12500
1986-09-15,0.39299999999999996,0.38299999999999995,6.12500
1986-09-12,0.40399999999999997,0.395,6.18750
1986-09-11,0.40299999999999997,0.396,6.06250
1986-09-10,0.39799999999999996,0.39,6.01560
1986-09-09,0.418,0.39899999999999997,6.06250
1986-09-08,0.433,0.423,6.03130
1986-09-05,0.455,0.441,5.93750
1986-09-04,0.449,0.43799999999999994,6.00000
1986-09-03,0.44799999999999995,0.431,5.93750
1986-09-02,0.45799999999999996,0.441,5.81250
1986-08-29,0.433,0.426,5.93750
1986-08-28,0.42700000000000005,0.419,5.93750
1986-08-27,0.426,0.413,5.87500
1986-08-26,0.435,0.41100000000000003,5.93750
1986-08-25,0.429,0.418,.
1986-08-22,0.431,0.42,6.00000
1986-08-21,0.43200000000000005,0.42,6.00000
1986-08-20,0.429,0.419,6.25000
1986-08-19,0.419,0.406,6.31250
1986-08-18,0.433,0.42100000000000004,6.31250
1986-08-15,0.434,0.42,6.28130
1986-08-14,0.426,0.415,6.25000
1986-08-13,0.423,0.41100000000000003,6.37500
1986-08-12,0.423,0.414,6.43750
1986-08-11,0.409,0.4,6.43750
1986-08-08,0.409,0.4,6.46880
1986-08-07,0.425,0.41100000000000003,6.50000
1986-08-06,0.42100000000000004,0.41100000000000003,6.50000
1986-08-05,0.428,0.408,6.50000
1986-08-04,0.38299999999999995,0.374,6.50000
1986-08-01,0.337,0.324,6.43750
1986-07-31,0.32,0.321,6.56250
1986-07-30,0.344,0.34,6.56250
1986-07-29,0.336,0.32799999999999996,6.62500
1986-07-28,0.321,0.318,6.62500
1986-07-25,0.32,0.317,6.62500
1986-07-24,0.325,0.327,6.62500
1986-07-23,0.327,0.32299999999999995,6.56250
1986-07-22,0.336,0.32299999999999995,6.56250
1986-07-21,0.35600000000000004,0.345,6.56250
1986-07-18,0.35,0.345,6.62500
1986-07-17,0.34,0.33899999999999997,6.59380
1986-07-16,0.35100000000000003,0.348,6.56250
1986-07-15,0.32899999999999996,0.32799999999999996,6.56250
1986-07-14,0.311,0.315,6.68750
1986-07-11,0.318,0.324,6.68750
1986-07-10,0.327,0.33,6.87500
1986-07-09,0.318,0.325,7.00000
1986-07-08,0.332,0.336,6.93750
1986-07-07,0.32899999999999996,0.335,6.93750
1986-07-02,0.353,0.359,7.00000
1986-07-01,0.361,0.369,7.00000
1986-06-30,0.373,0.374,7.03130
1986-06-27,0.38299999999999995,0.379,7.06250
1986-06-26,0.377,0.376,7.06250
1986-06-25,0.375,0.375,7.06250
1986-06-24,0.36700000000000005,0.369,7.06250
1986-06-23,0.366,0.369,7.06250
1986-06-20,0.366,0.365,7.06250
1986-06-19,0.38299999999999995,0.382,7.06250
1986-06-18,0.375,0.376,7.06250
1986-06-17,0.376,0.374,7.06250
1986-06-16,0.37799999999999995,0.379,7.06250
1986-06-13,0.397,0.39799999999999996,7.12500
1986-06-12,0.39399999999999996,0.39399999999999996,7.12500
1986-06-11,0.384,0.389,7.12500
1986-06-10,0.36,0.365,7.12500
1986-06-09,0.366,0.373,7.06250
1986-06-06,0.37200000000000005,0.385,7.18750
1986-06-05,0.374,0.39,7.18750
1986-06-04,0.358,0.37799999999999995,7.18750
1986-06-03,0.38,0.39299999999999996,7.18750
1986-06-02,0.37799999999999995,0.402,7.12500
