date,PRC,sprtrn
20080102,104.69000,-0.014438
20080103,104.90000,0.000000
20080104,101.13000,-0.024552
20080107,100.05000,0.003223
20080108,97.59000,-0.018352
20080109,98.31000,0.013624
20080110,99.92000,0.007948
20080111,97.67000,-0.013595
20080114,102.93000,0.010871
20080115,101.83000,-0.024925
20080116,101.63000,-0.005612
20080117,101.10000,-0.029093
20080118,103.40000,-0.006045
20080122,101.22000,-0.011085
20080123,106.10000,0.021442
20080124,106.91000,0.010063
20080125,104.52000,-0.015872
20080128,104.98000,0.017556
20080129,106.10000,0.006152
20080130,105.65000,-0.004764
20080131,107.11000,0.016772
20080201,109.08000,0.012238
20080204,107.93000,-0.010463
20080205,105.02000,-0.031995
20080206,103.59000,-0.007624
20080207,102.34000,0.007886
20080208,103.27000,-0.004204
20080211,105.14000,0.005889
20080212,106.53000,0.007266
20080213,108.42000,0.013604
20080214,106.13000,-0.013421
20080215,106.16000,0.000838
20080219,105.00000,-0.000896
20080220,107.85000,0.008341
20080221,106.93000,-0.012867
20080222,108.07000,0.007881
20080225,110.08000,0.013813
20080226,114.38000,0.006918
20080227,116.46000,-0.000919
20080228,115.24000,-0.008942
20080229,113.86000,-0.027090
20080303,114.23000,0.000534
20080304,115.71000,-0.003448
20080305,115.39000,0.005238
20080306,112.52000,-0.022014
20080307,113.94000,-0.008410
20080310,114.01000,-0.015463
20080311,116.49000,0.037130
20080312,117.07000,-0.008996
20080313,115.91000,0.005127
20080314,115.23010,-0.020783
20080317,115.55000,-0.008959
20080318,118.41000,0.042410
20080319,116.94000,-0.024287
20080320,118.33000,0.023944
20080324,119.06000,0.015321
20080325,117.97000,0.002304
20080326,116.91000,-0.008766
20080327,115.52000,-0.011460
20080328,114.57000,-0.007950
20080331,115.14000,0.005687
20080401,116.49000,0.035896
20080402,114.81000,-0.001934
20080403,116.02000,0.001302
20080404,115.76000,0.000796
20080407,116.31000,0.001562
20080408,116.27000,-0.005100
20080409,116.77000,-0.008092
20080410,118.78000,0.004474
20080411,116.00000,-0.020374
20080414,117.28000,-0.003384
20080415,117.17000,0.004600
20080416,120.47000,0.022691
20080417,123.08000,0.000623
20080418,124.40000,0.018139
20080421,124.35000,-0.001554
20080422,123.67000,-0.008810
20080423,123.60000,0.002900
20080424,124.19000,0.006442
20080425,123.08000,0.006495
20080428,121.69000,-0.001052
20080429,122.85000,-0.003889
20080430,120.70000,-0.003846
20080501,123.61000,0.017141
20080502,123.18000,0.003236
20080505,122.03000,-0.004534
20080506,122.82000,0.007652
20080507,124.14000,-0.018114
20080508,124.92000,0.003669
20080509,124.06000,-0.006725
20080512,125.24000,0.011021
20080513,126.58000,-0.000385
20080514,127.52000,0.004006
20080515,128.46001,0.010585
20080516,127.82000,0.001250
20080519,126.49000,0.000898
20080520,125.18000,-0.009274
20080521,123.62000,-0.016053
20080522,124.70000,0.002617
20080523,124.20000,-0.013210
20080527,127.32000,0.006846
20080528,129.53999,0.003963
20080529,129.71001,0.005335
20080530,129.42999,0.001516
20080602,127.36000,-0.010504
20080603,127.84000,-0.005788
20080604,127.55000,-0.000327
20080605,128.47000,0.019496
20080606,124.94000,-0.030889
20080609,125.86000,0.000794
20080610,125.94000,-0.002438
20080611,123.25000,-0.016894
20080612,123.85000,0.003280
20080613,126.15000,0.015046
20080616,126.71000,0.000081
20080617,125.10000,-0.006771
20080618,124.16000,-0.009712
20080619,125.02000,0.003752
20080620,122.74000,-0.018543
20080623,123.46000,0.000053
20080624,123.46000,-0.002815
20080625,124.58000,0.005843
20080626,121.13000,-0.029365
20080627,120.05000,-0.003717
20080630,118.53000,0.001267
20080701,119.27000,0.003836
20080702,119.10000,-0.018204
20080703,119.54000,0.001094
20080707,121.50000,-0.008385
20080708,123.88000,0.017080
20080709,120.40000,-0.022776
20080710,123.18000,0.006990
20080711,122.12000,-0.011090
20080714,121.54000,-0.009028
20080715,123.20000,-0.010901
20080716,125.94000,0.025064
20080717,126.52000,0.012013
20080718,129.89000,0.000286
20080721,128.66000,-0.000539
20080722,130.00000,0.013492
20080723,129.52000,0.004064
20080724,130.00000,-0.023125
20080725,128.53000,0.004168
20080728,126.25000,-0.018597
20080729,127.66000,0.023356
20080730,128.86000,0.016672
20080731,127.98000,-0.013144
20080801,126.64000,-0.005578
20080804,127.56000,-0.008966
20080805,128.87000,0.028719
20080806,129.16000,0.003354
20080807,129.05000,-0.017934
20080808,128.81000,0.023893
20080811,126.60000,0.006943
20080812,125.22000,-0.012051
20080813,125.80000,-0.002916
20080814,126.94000,0.005522
20080815,126.36000,0.004076
20080818,124.59000,-0.015098
20080819,122.56000,-0.009315
20080820,122.51000,0.006197
20080821,122.99000,0.002495
20080822,124.93000,0.011333
20080825,122.86000,-0.019625
20080826,122.50000,0.003686
20080827,123.38000,0.007983
20080828,124.58000,0.014840
20080829,121.73000,-0.013724
20080902,118.41000,-0.004093
20080903,118.34000,-0.002035
20080904,115.00000,-0.029922
20080905,114.33000,0.004431
20080908,117.29000,0.020510
20080909,115.04000,-0.034138
20080910,118.04000,0.006149
20080911,119.20000,0.013806
20080912,118.97000,0.002122
20080915,115.19000,-0.047136
20080916,116.05000,0.017515
20080917,111.47000,-0.047133
20080918,115.12000,0.043342
20080919,118.85000,0.040257
20080922,116.21000,-0.038237
20080923,115.36000,-0.015633
20080924,116.46000,-0.001978
20080925,120.11000,0.019656
20080926,119.42000,0.003167
20080929,114.46000,-0.087897
20080930,116.96000,0.054203
20081001,110.13000,-0.004544
20081002,104.74000,-0.040291
20081003,103.44000,-0.013506
20081006,100.62000,-0.038518
20081007,95.65000,-0.057395
20081008,90.55000,-0.011333
20081009,89.00000,-0.076167
20081010,87.75000,-0.011759
20081013,92.21000,0.115800
20081014,93.60000,-0.005322
20081015,88.29000,-0.090350
20081016,91.52000,0.042507
20081017,90.78000,-0.006213
20081020,92.51000,0.047685
20081021,88.86000,-0.030800
20081022,83.60000,-0.061013
20081023,84.35000,0.012634
20081024,82.07000,-0.034511
20081027,79.66000,-0.031764
20081028,87.28000,0.107890
20081029,88.20000,-0.011079
20081030,90.69000,0.025804
20081031,92.97000,0.015365
20081103,92.68000,-0.002529
20081104,93.40000,0.040826
20081105,89.94000,-0.052677
20081106,85.15000,-0.050264
20081107,86.27000,0.028855
20081110,83.87000,-0.012653
20081111,82.74000,-0.022041
20081112,79.74000,-0.051894
20081113,84.21000,0.069213
20081114,80.33000,-0.041699
20081117,77.48000,-0.025810
20081118,80.08000,0.009838
20081119,75.97000,-0.061156
20081120,71.74000,-0.067123
20081121,74.88000,0.063248
20081124,79.89000,0.064723
20081125,80.65000,0.006551
20081126,81.67000,0.035328
20081128,81.60000,0.009643
20081201,76.90000,-0.089295
20081202,79.84000,0.039941
20081203,80.67000,0.025836
20081204,77.44000,-0.029308
20081205,80.59000,0.036499
20081208,84.86000,0.038387
20081209,82.69000,-0.023118
20081210,82.86000,0.011894
20081211,80.58000,-0.028524
20081212,82.20000,0.007028
20081215,82.77000,-0.012686
20081216,86.40000,0.051360
20081217,85.84000,-0.009593
20081218,84.00000,-0.021163
20081219,83.52000,0.002937
20081222,81.99000,-0.018302
20081223,80.60000,-0.009717
20081224,80.52000,0.005781
20081226,81.33000,0.005356
20081229,81.25000,-0.003873
20081230,83.55000,0.024407
20081231,84.16000,0.014158
20090102,87.37000,0.031608
20090105,86.82000,-0.004668
20090106,89.23000,0.007817
20090107,87.79000,-0.030010
20090108,87.18000,0.003397
20090109,84.70000,-0.021303
20090112,85.71000,-0.022564
20090113,85.34000,0.001758
20090114,83.19000,-0.033460
20090115,84.12000,0.001329
20090116,84.92000,0.007562
20090120,81.98000,-0.052816
20090121,91.42000,0.043491
20090122,90.07000,-0.015162
20090123,89.49000,0.005378
20090126,91.60000,0.005553
20090127,91.66000,0.010926
20090128,94.82000,0.033558
20090129,92.51000,-0.033120
20090130,91.65000,-0.022789
20090202,90.93000,-0.000533
20090203,93.48000,0.015834
20090204,92.83000,-0.007489
20090205,92.41000,0.016366
20090206,96.14000,0.026896
20090209,96.82000,0.001485
20090210,93.27000,-0.049121
20090211,95.16000,0.007955
20090212,95.07000,0.001739
20090213,93.84000,-0.009998
20090217,90.67000,-0.045559
20090218,91.51000,-0.000950
20090219,88.93000,-0.012024
20090220,88.79000,-0.011413
20090223,84.37000,-0.034699
20090224,86.40000,0.040103
20090225,85.90000,-0.010658
20090226,88.97000,-0.015780
20090227,92.03000,-0.023564
20090302,89.05000,-0.046620
20090303,87.77000,-0.006407
20090304,89.49000,0.023753
20090305,87.48000,-0.042532
20090306,85.81000,0.001216
20090309,83.48000,-0.010024
20090310,87.25000,0.063663
20090311,88.62000,0.002446
20090312,90.40000,0.040729
20090313,90.36000,0.007739
20090316,91.22000,-0.003516
20090317,92.91000,0.032140
20090318,91.95000,0.020858
20090319,92.66000,-0.012979
20090320,92.51000,-0.019769
20090323,98.71000,0.070758
20090324,98.30000,-0.020415
20090325,97.95000,0.009626
20090326,98.78000,0.023320
20090327,94.15000,-0.020316
20090330,94.52000,-0.034819
20090331,96.89000,0.013130
20090401,97.61000,0.016557
20090402,100.82000,0.028727
20090403,102.22000,0.009732
20090406,101.56000,-0.008332
20090407,98.75000,-0.023855
20090408,101.19000,0.011783
20090409,101.70000,0.038053
20090413,99.95000,0.002533
20090414,99.27000,-0.020065
20090415,98.85000,0.012549
20090416,101.43000,0.015539
20090417,101.27000,0.004969
20090420,100.43000,-0.042790
20090421,102.31000,0.021252
20090422,102.55000,-0.007682
20090423,101.42000,0.009922
20090424,100.08000,0.016797
20090427,99.95000,-0.010067
20090428,101.94000,-0.002740
20090429,104.04000,0.021610
20090430,103.21000,-0.000950
20090501,104.61000,0.005396
20090504,106.19000,0.033868
20090505,105.85000,-0.003792
20090506,104.62000,0.017404
20090507,102.59000,-0.013202
20090508,101.49000,0.024069
20090511,102.90000,-0.021512
20090512,103.94000,-0.000979
20090513,102.26000,-0.026895
20090514,101.05000,0.010352
20090515,101.37000,-0.011410
20090518,104.58000,0.030389
20090519,105.51000,-0.001737
20090520,104.05000,-0.005131
20090521,102.82000,-0.016758
20090522,101.89000,-0.001497
20090526,105.02000,0.026302
20090527,102.93000,-0.018971
20090528,104.69000,0.015419
20090529,106.28000,0.013575
20090601,108.37000,0.025818
20090602,106.83000,0.001983
20090603,106.49000,-0.013739
20090604,106.33000,0.011484
20090605,107.24000,-0.002515
20090608,107.49000,-0.001011
20090609,108.14000,0.003503
20090610,108.35000,-0.003480
20090611,109.40000,0.006112
20090612,108.21000,0.001397
20090615,107.62000,-0.023769
20090616,107.32000,-0.012720
20090617,107.00000,-0.001382
20090618,106.33000,0.008411
20090619,105.89000,0.003114
20090622,104.52000,-0.030600
20090623,104.44000,0.002307
20090624,104.15000,0.006524
20090625,106.06000,0.021444
20090626,105.68000,-0.001478
20090629,105.83000,0.009065
20090630,104.42000,-0.008531
20090701,104.84000,0.004362
20090702,101.73000,-0.029145
20090706,101.65000,0.002566
20090707,100.19000,-0.019684
20090708,100.68000,-0.001669
20090709,102.08000,0.003547
20090710,100.83000,-0.004022
20090713,103.62000,0.024934
20090714,103.25000,0.005316
20090715,107.22000,0.029630
20090716,110.64000,0.008642
20090717,115.42000,-0.000383
20090720,116.44000,0.011432
20090721,117.04000,0.003627
20090722,115.57000,-0.000534
20090723,117.06000,0.023290
20090724,117.64000,0.003042
20090727,117.63000,0.002982
20090728,117.28000,-0.002606
20090729,117.26000,-0.004563
20090730,117.86000,0.011896
20090731,117.93000,0.000740
20090803,119.92000,0.015342
20090804,119.60000,0.003012
20090805,118.47000,-0.002914
20090806,117.38000,-0.005625
20090807,119.33000,0.013439
20090810,118.70000,-0.003345
20090811,117.79000,-0.012660
20090812,119.29000,0.011525
20090813,119.58000,0.006880
20090814,118.57000,-0.008531
20090817,116.86000,-0.024261
20090818,117.63000,0.010146
20090819,118.57000,0.006861
20090820,118.95000,0.010949
20090821,119.90000,0.018623
20090824,119.32000,-0.000546
20090825,118.83000,0.002369
20090826,119.47000,0.000117
20090827,119.43000,0.002782
20090828,118.22000,-0.001988
20090831,118.05000,-0.008076
20090901,116.69000,-0.022124
20090902,116.09000,-0.003296
20090903,116.33000,0.008535
20090904,117.46000,0.013118
20090908,117.16000,0.008845
20090909,116.76000,0.007782
20090910,117.67000,0.010422
20090911,118.05000,-0.001350
20090914,118.88000,0.006339
20090915,119.35000,0.003135
20090916,121.82000,0.015324
20090917,121.88000,-0.003060
20090918,122.11000,0.002637
20090921,121.57000,-0.003407
20090922,121.61000,0.006575
20090923,120.82000,-0.010068
20090924,120.94000,-0.009511
20090925,121.08000,-0.006091
20090928,119.33000,0.017810
20090929,118.81000,-0.002230
20090930,119.61000,-0.003328
20091001,117.90000,-0.025760
20091002,119.02000,-0.004506
20091005,119.75000,0.014875
20091006,121.35000,0.013705
20091007,122.78000,0.002712
20091008,122.29000,0.007470
20091009,125.93000,0.005641
20091012,127.04000,0.004386
20091013,127.02000,-0.002788
20091014,128.35001,0.017546
20091015,127.98000,0.004157
20091016,121.64000,-0.008098
20091019,123.06000,0.009405
20091020,122.82000,-0.006239
20091021,120.87000,-0.008854
20091022,122.69000,0.010644
20091023,120.36000,-0.012179
20091026,120.11000,-0.011717
20091027,120.65000,-0.003318
20091028,121.50000,-0.019541
20091029,122.87000,0.022520
20091030,120.61000,-0.028065
20091102,120.56000,0.006456
20091103,121.16000,0.002426
20091104,121.29000,0.001043
20091105,123.10000,0.019236
20091106,123.49000,0.002503
20091109,126.00000,0.022239
20091110,126.91000,-0.000064
20091111,127.19000,0.005032
20091112,126.26000,-0.010259
20091113,127.03000,0.005739
20091116,128.21001,0.014468
20091117,128.63000,0.000919
20091118,128.14999,-0.000468
20091119,127.54000,-0.013426
20091120,126.96000,-0.003215
20091123,128.20000,0.013616
20091124,127.93000,-0.000533
20091125,127.28000,0.004504
20091127,125.70000,-0.017233
20091130,126.35000,0.003793
20091201,127.94000,0.012075
20091202,127.21000,0.000343
20091203,127.55000,-0.008402
20091204,127.25000,0.005509
20091207,127.04000,-0.002468
20091208,126.80000,-0.010252
20091209,128.39000,0.003672
20091210,129.34000,0.005840
20091211,129.67999,0.003683
20091214,129.92999,0.006959
20091215,128.49001,-0.005547
20091216,128.71001,0.001128
20091217,127.40000,-0.011811
20091218,127.91000,0.005830
20091221,128.64999,0.010504
20091222,129.92999,0.003564
20091223,130.00000,0.002299
20091224,130.57001,0.005256
20091228,132.31000,0.001154
20091229,131.85001,-0.001401
20091230,132.57001,0.000195
20091231,130.89999,-0.010050
20100104,132.45000,0.016043
20100105,130.85001,0.003116
20100106,130.00000,0.000546
20100107,129.55000,0.004001
20100108,130.85001,0.002882
20100111,129.48000,0.001747
20100112,130.50999,-0.009381
20100113,130.23000,0.008326
20100114,132.31000,0.002427
20100115,131.78000,-0.010823
20100119,134.14000,0.012500
20100120,130.25000,-0.010598
20100121,129.00000,-0.018945
20100122,125.50000,-0.022141
20100125,126.12000,0.004598
20100126,125.75000,-0.004203
20100127,126.33000,0.004880
20100128,123.75000,-0.011818
20100129,122.39000,-0.009829
20100201,124.67000,0.014266
20100202,125.53000,0.012973
20100203,125.66000,-0.005474
20100204,123.00000,-0.031141
20100205,123.52000,0.002897
20100208,121.88000,-0.008863
20100209,123.21000,0.013040
20100210,122.81000,-0.002233
20100211,123.73000,0.009680
20100212,124.00000,-0.002745
20100216,125.23000,0.018001
20100217,126.33000,0.004238
20100218,127.81000,0.006585
20100219,127.19000,0.002187
20100222,126.85000,-0.001046
20100223,126.46000,-0.012103
20100224,127.59000,0.009720
20100225,127.07000,-0.002081
20100226,127.16000,0.001405
20100301,128.57001,0.010159
20100302,127.42000,0.002330
20100303,126.88000,0.000429
20100304,126.72000,0.003736
20100305,127.25000,0.014008
20100308,126.41000,-0.000176
20100309,125.55000,0.001713
20100310,125.62000,0.004525
20100311,127.60000,0.004042
20100312,127.94000,-0.000217
20100315,127.83000,0.000452
20100316,128.67000,0.007779
20100317,127.76000,0.005822
20100318,128.38000,-0.000326
20100319,127.71000,-0.005087
20100322,127.98000,0.005095
20100323,129.37000,0.007171
20100324,128.53000,-0.005493
20100325,129.24001,-0.001704
20100326,129.25999,0.000738
20100329,128.59000,0.005683
20100330,128.77000,0.000043
20100331,128.25000,-0.003273
20100401,128.25000,0.007414
20100405,129.35001,0.007928
20100406,128.92999,0.001684
20100407,128.48000,-0.005877
20100408,127.61000,0.003374
20100409,128.75999,0.006684
20100412,128.36000,0.001767
20100413,129.03000,0.000685
20100414,131.25000,0.011150
20100415,130.89000,0.000843
20100416,130.63000,-0.016127
20100419,132.23000,0.004521
20100420,129.69000,0.008058
20100421,128.99001,-0.001019
20100422,129.13000,0.002264
20100423,129.99001,0.007124
20100426,130.73000,-0.004296
20100427,128.82001,-0.023382
20100428,130.10001,0.006463
20100429,130.46001,0.012943
20100430,129.00000,-0.016648
20100503,129.60001,0.013121
20100504,128.12000,-0.023838
20100505,127.46000,-0.006561
20100506,123.92000,-0.032378
20100507,122.10000,-0.015308
20100510,126.27000,0.043974
20100511,126.89000,-0.003397
20100512,132.67999,0.013740
20100513,131.48000,-0.012145
20100514,131.19000,-0.018800
20100517,130.44000,0.001109
20100518,129.95000,-0.014196
20100519,128.86000,-0.005130
20100520,123.80000,-0.038976
20100521,125.42000,0.015024
20100524,124.45000,-0.012908
20100525,124.52000,0.000354
20100526,123.23000,-0.005661
20100527,126.39000,0.032876
20100528,125.26000,-0.012375
20100601,124.34000,-0.017165
20100602,127.41000,0.025843
20100603,127.96000,0.004051
20100604,125.28000,-0.034411
20100607,124.13000,-0.013532
20100608,123.72000,0.010976
20100609,123.90000,-0.005942
20100610,127.68000,0.029507
20100611,128.45000,0.004380
20100614,128.50000,-0.001805
20100615,129.78999,0.023494
20100616,130.35001,-0.000556
20100617,130.98000,0.001283
20100618,130.14999,0.001317
20100621,130.64999,-0.003857
20100622,129.30000,-0.016071
20100623,130.11000,-0.002985
20100624,128.19000,-0.016803
20100625,127.12000,0.002859
20100628,128.98000,-0.002034
20100629,125.09000,-0.031017
20100630,123.48000,-0.010113
20100701,122.57000,-0.003240
20100702,121.86000,-0.004662
20100706,123.46000,0.005359
20100707,127.00000,0.031331
20100708,127.97000,0.009413
20100709,127.96000,0.007204
20100712,128.67000,0.000733
20100713,130.48000,0.015379
20100714,130.72000,-0.000155
20100715,130.72000,0.001196
20100716,128.03000,-0.028820
20100719,129.78999,0.005982
20100720,126.55000,0.011417
20100721,125.27000,-0.012820
20100722,127.47000,0.022513
20100723,128.38000,0.008220
20100726,128.41000,0.011200
20100727,128.63000,-0.001049
20100728,128.42999,-0.006922
20100729,128.02000,-0.004159
20100730,128.39999,0.000064
20100802,130.75999,0.022023
20100803,130.37000,-0.004796
20100804,131.27000,0.006051
20100805,131.83000,-0.001269
20100806,130.14000,-0.003704
20100809,132.00000,0.005483
20100810,131.84000,-0.005967
20100811,129.83000,-0.028179
20100812,128.30000,-0.005379
20100813,127.87000,-0.004024
20100816,127.77000,0.000120
20100817,128.45000,0.012192
20100818,129.39250,0.001483
20100819,128.89999,-0.016935
20100820,127.50000,-0.003663
20100823,126.47000,-0.004040
20100824,124.90000,-0.014512
20100825,125.27000,0.003289
20100826,122.78000,-0.007685
20100827,124.73000,0.016587
20100830,123.40000,-0.014719
20100831,123.13000,0.000391
20100901,125.77000,0.029505
20100902,125.04000,0.009081
20100903,127.58000,0.013219
20100907,125.95000,-0.011471
20100908,126.08000,0.006439
20100909,126.36000,0.004832
20100910,127.99000,0.004863
20100913,129.61000,0.011131
20100914,128.85001,-0.000713
20100915,129.42999,0.003541
20100916,129.67000,-0.000364
20100917,130.19000,0.000827
20100920,131.78999,0.015210
20100921,131.98000,-0.002564
20100922,132.57001,-0.004825
20100923,131.67000,-0.008331
20100924,134.11000,0.021194
20100927,134.64999,-0.005667
20100928,134.89000,0.004850
20100929,135.48000,-0.002588
20100930,134.14000,-0.003084
20101001,135.64000,0.004416
20101004,135.25000,-0.008035
20101005,137.66000,0.020861
20101006,137.84000,-0.000672
20101007,138.72000,-0.001647
20101008,138.85001,0.006122
20101011,139.66000,0.000146
20101012,139.85001,0.003819
20101013,140.37000,0.007121
20101014,141.50000,-0.003641
20101015,141.06000,0.002028
20101018,142.83000,0.007244
20101019,138.03000,-0.015877
20101020,139.07001,0.010524
20101021,139.83000,0.001774
20101022,139.67000,0.002389
20101025,139.84000,0.002147
20101026,140.67000,0.000017
20101027,141.42999,-0.002691
20101028,140.89999,0.001125
20101029,143.60001,-0.000439
20101101,143.32001,0.000947
20101102,143.84000,0.007759
20101103,144.17000,0.003678
20101104,146.78999,0.019283
20101105,146.92000,0.003923
20101108,146.46001,-0.002121
20101109,146.14000,-0.008052
20101110,146.55000,0.004376
20101111,145.42999,-0.004242
20101112,143.74001,-0.011808
20101115,143.64000,-0.001217
20101116,142.24001,-0.016205
20101117,141.95000,0.000212
20101118,144.36000,0.015357
20101119,145.05000,0.002540
20101122,145.39000,-0.001575
20101123,143.17999,-0.014284
20101124,145.81000,0.014923
20101126,144.11000,-0.007469
20101129,142.89000,-0.001379
20101130,141.46001,-0.006070
20101201,144.41000,0.021617
20101202,145.17999,0.012818
20101203,145.38000,0.002603
20101206,144.99001,-0.001298
20101207,144.02000,0.000515
20101208,144.98000,0.003702
20101209,144.30000,0.003843
20101210,144.82001,0.006002
20101213,144.28000,0.000048
20101214,145.82001,0.000911
20101215,144.72000,-0.005122
20101216,144.55000,0.006185
20101217,145.00000,0.000837
20101220,144.50999,0.002548
20101221,145.74001,0.006030
20101222,145.95000,0.003380
20101223,145.89000,-0.001644
20101227,145.34000,0.000613
20101228,145.71001,0.000771
20101229,146.52000,0.001009
20101230,146.67000,-0.001508
20101231,146.75999,-0.000191
20110103,147.48000,0.011315
20110104,147.64000,-0.001313
20110105,147.05000,0.005007
20110106,148.66000,-0.002123
20110107,147.92999,-0.001845
20110110,147.64000,-0.001376
20110111,147.28000,0.003725
20110112,149.10001,0.009008
20110113,148.82001,-0.001711
20110114,150.00000,0.007385
20110118,150.64999,0.001376
20110119,155.69000,-0.010116
20110120,155.80000,-0.001295
20110121,155.50000,0.002414
20110124,159.63000,0.005836
20110125,161.44000,0.000263
20110126,161.03999,0.004221
20110127,161.07001,0.002244
20110128,159.21001,-0.017852
20110131,162.00000,0.007663
20110201,163.56000,0.016694
20110202,163.30000,-0.002723
20110203,163.53000,0.002354
20110204,164.00000,0.002884
20110207,164.82001,0.006240
20110208,166.05000,0.004185
20110209,164.64999,-0.002786
20110210,164.09000,0.000750
20110211,163.85001,0.005507
20110214,163.22000,0.002385
20110215,162.84000,-0.003235
20110216,163.39999,0.006257
20110217,164.24001,0.003076
20110218,164.84000,0.001925
20110222,161.95000,-0.020529
20110223,160.17999,-0.006112
20110224,160.77000,-0.000994
20110225,162.28000,0.010550
20110228,161.88000,0.005561
20110301,159.97000,-0.015740
20110302,160.16000,0.001615
20110303,163.48000,0.017219
20110304,161.83000,-0.007378
20110307,159.92999,-0.008341
20110308,162.28000,0.008923
20110309,165.86000,-0.001362
20110310,162.02000,-0.018871
20110311,162.42999,0.007080
20110314,161.39000,-0.006049
20110315,159.02000,-0.011200
20110316,153.00000,-0.019495
20110317,154.17999,0.013398
20110318,155.89000,0.004302
20110321,157.67999,0.014994
20110322,158.00000,-0.003551
20110323,159.53000,0.002914
20110324,160.03999,0.009341
20110325,162.17999,0.003161
20110328,161.37000,-0.002748
20110329,162.88000,0.007060
20110330,163.60001,0.006685
20110331,163.07001,-0.001829
20110401,164.27000,0.004963
20110404,164.25000,0.000345
20110405,163.99001,-0.000180
20110406,164.03999,0.002184
20110407,164.38000,-0.001520
20110408,164.05000,-0.004004
20110411,163.95000,-0.002793
20110412,163.25000,-0.007777
20110413,163.95000,0.000190
20110414,164.97000,0.000084
20110415,166.21001,0.003925
20110418,165.94000,-0.011018
20110419,165.39999,0.005731
20110420,164.75000,0.013515
20110421,168.28000,0.005277
20110425,167.67000,-0.001593
20110426,168.49001,0.008980
20110427,170.37000,0.006250
20110428,170.78000,0.003555
20110429,170.58000,0.002301
20110502,172.14999,-0.001753
20110503,172.87000,-0.003379
20110504,170.62000,-0.006855
20110505,168.46001,-0.009070
20110506,168.89000,0.003820
20110509,169.10001,0.004544
20110510,170.38000,0.008074
20110511,169.50000,-0.011111
20110512,172.24001,0.004895
20110513,169.92000,-0.008067
20110516,168.86000,-0.006204
20110517,170.50000,-0.000369
20110518,170.44000,0.008804
20110519,170.59000,0.002178
20110520,170.16000,-0.007688
20110523,168.25999,-0.011926
20110524,167.99001,-0.000827
20110525,167.75000,0.003183
20110526,167.17999,0.003953
20110527,167.50000,0.004081
20110531,168.92999,0.010593
20110601,166.56000,-0.022785
20110602,166.09000,-0.001225
20110603,165.05000,-0.009734
20110606,164.75000,-0.010760
20110607,163.69000,-0.000956
20110608,164.34000,-0.004187
20110609,164.84000,0.007378
20110610,163.17999,-0.013980
20110613,163.17000,0.000669
20110614,164.12000,0.012612
20110615,162.33000,-0.017432
20110616,162.67000,0.001754
20110617,164.44000,0.003045
20110620,165.02000,0.005395
20110621,166.22000,0.013423
20110622,165.67999,-0.006468
20110623,166.12000,-0.002828
20110624,165.07001,-0.011726
20110627,167.62000,0.009184
20110628,170.00999,0.012944
20110629,170.53999,0.008283
20110630,171.55000,0.010119
20110701,174.53999,0.014410
20110705,175.42999,-0.001336
20110706,177.71001,0.001002
20110707,176.48000,0.010454
20110708,176.49001,-0.006961
20110711,174.99001,-0.018090
20110712,174.05000,-0.004434
20110713,174.32001,0.003106
20110714,174.23000,-0.006716
20110715,175.53999,0.005554
20110718,175.28000,-0.008130
20110719,185.21001,0.016309
20110720,183.64999,-0.000671
20110721,184.89999,0.013546
20110722,185.17999,0.000908
20110725,183.70000,-0.005643
20110726,182.92999,-0.004105
20110727,181.35001,-0.020309
20110728,181.80000,-0.003234
20110729,181.85001,-0.006451
20110801,180.75000,-0.004132
20110802,178.05000,-0.025557
20110803,178.83000,0.005016
20110804,171.48000,-0.047820
20110805,172.98000,-0.000575
20110808,166.22000,-0.066634
20110809,170.61000,0.047407
20110810,162.53999,-0.044152
20110811,166.73000,0.046290
20110812,168.20000,0.005262
20110815,172.99001,0.021785
20110816,171.24001,-0.009739
20110817,171.48000,0.000947
20110818,163.83000,-0.044594
20110819,157.53999,-0.015009
20110822,158.98000,0.000258
20110823,164.32001,0.034285
20110824,166.75999,0.013120
20110825,165.58000,-0.015566
20110826,169.14000,0.015122
20110829,172.62000,0.028280
20110830,172.50999,0.002347
20110831,171.91000,0.004922
20110901,170.33000,-0.011871
20110902,166.98000,-0.025282
20110906,165.11000,-0.007436
20110907,167.31000,0.028646
20110908,165.25000,-0.010612
20110909,161.37000,-0.026705
20110912,162.42000,0.006966
20110913,163.42999,0.009120
20110914,167.24001,0.013480
20110915,170.09000,0.017187
20110916,172.99001,0.005707
20110919,173.13000,-0.009803
20110920,174.72000,-0.001661
20110921,173.02000,-0.029390
20110922,168.62000,-0.031883
20110923,169.34000,0.006082
20110926,174.50999,0.023336
20110927,177.71001,0.010688
20110928,177.55000,-0.020691
20110929,179.17000,0.008114
20110930,174.87000,-0.024974
20111003,173.28999,-0.028451
20111004,174.74001,0.022488
20111005,176.85001,0.017866
20111006,181.69000,0.018304
20111007,182.39000,-0.008163
20111010,186.62000,0.034125
20111011,185.00000,0.000544
20111012,186.12000,0.009795
20111013,186.82001,-0.002974
20111014,190.53000,0.017380
20111017,186.59000,-0.019370
20111018,178.89999,0.020419
20111019,177.39000,-0.012649
20111020,177.25000,0.004554
20111021,181.63000,0.018809
20111024,182.25000,0.012873
20111025,180.36000,-0.020045
20111026,181.97000,0.010537
20111027,185.88000,0.034291
20111028,187.45000,0.000389
20111031,184.63000,-0.024738
20111101,181.35001,-0.027942
20111102,183.92000,0.016105
20111103,187.30000,0.018782
20111104,186.38000,-0.006280
20111107,187.32001,0.006296
20111108,187.25000,0.011736
20111109,182.24001,-0.036695
20111110,183.35001,0.008616
20111111,187.38000,0.019489
20111114,187.35001,-0.009550
20111115,188.75000,0.004817
20111116,186.62000,-0.016616
20111117,185.73000,-0.016800
20111118,185.24001,-0.000395
20111121,181.48000,-0.018648
20111122,181.31000,-0.004141
20111123,177.95000,-0.022095
20111125,177.06000,-0.002686
20111128,182.21001,0.029240
20111129,180.94000,0.002214
20111130,188.00000,0.043315
20111201,189.45000,-0.001909
20111202,189.66000,-0.000241
20111205,190.84000,0.010287
20111206,192.94000,0.001106
20111207,194.05000,0.002018
20111208,191.58000,-0.021142
20111209,194.56000,0.016883
20111212,192.17999,-0.014914
20111213,191.14999,-0.008686
20111214,188.72000,-0.011348
20111215,187.48000,0.003243
20111216,183.57001,0.003216
20111219,182.89000,-0.011733
20111220,187.24001,0.029825
20111221,181.47000,0.001950
20111222,182.03999,0.008266
20111223,184.75000,0.009035
20111227,184.95000,0.000079
20111228,183.99001,-0.012478
20111229,186.17999,0.010707
20111230,183.88000,-0.004291
20120103,186.30000,0.015474
20120104,185.53999,0.000188
20120105,184.66000,0.002944
20120106,182.53999,-0.002537
20120109,181.59000,0.002262
20120110,181.31000,0.008886
20120111,182.32001,0.000310
20120112,180.55000,0.002337
20120113,179.16000,-0.004948
20120117,180.00000,0.003553
20120118,181.07001,0.011108
20120119,180.52000,0.004939
20120120,188.52000,0.000669
20120123,189.98000,0.000471
20120124,191.92999,-0.001026
20120125,191.73000,0.008672
20120126,190.98000,-0.005746
20120127,190.46001,-0.001593
20120130,192.50000,-0.002522
20120131,192.60001,-0.000457
20120201,192.62000,0.008900
20120202,191.53000,0.001095
20120203,193.64000,0.014605
20120206,192.82001,-0.000424
20120207,193.35001,0.002023
20120208,192.95000,0.002160
20120209,193.13000,0.001474
20120210,192.42000,-0.006886
20120213,192.62000,0.006800
20120214,192.22000,-0.000940
20120215,192.25000,-0.005383
20120216,193.02000,0.011026
20120217,193.42000,0.002349
20120221,193.39000,0.000720
20120222,193.87000,-0.003340
20120223,197.61000,0.004272
20120224,197.75999,0.001672
20120227,197.53000,0.001355
20120228,197.98000,0.003356
20120229,196.73000,-0.004737
20120301,197.53000,0.006158
20120302,198.81000,-0.003246
20120305,200.66000,-0.003870
20120306,197.25999,-0.015370
20120307,197.77000,0.006901
20120308,199.81000,0.009818
20120309,200.62000,0.003631
20120312,201.00000,0.000160
20120313,203.78000,0.018132
20120314,204.72000,-0.001196
20120315,206.00000,0.005967
20120316,206.00999,0.001119
20120319,205.72000,0.003974
20120320,204.25000,-0.003001
20120321,204.69000,-0.001871
20120322,205.49001,-0.007207
20120323,205.48000,0.003109
20120326,207.77000,0.013886
20120327,207.17999,-0.002817
20120328,207.28999,-0.004942
20120329,208.27000,-0.001608
20120330,208.64999,0.003698
20120402,209.47000,0.007505
20120403,209.50000,-0.003989
20120404,206.05000,-0.010202
20120405,205.47000,-0.000629
20120409,204.94000,-0.011358
20120410,202.33000,-0.017081
20120411,202.58000,0.007449
20120412,205.32001,0.013779
20120413,202.80000,-0.012475
20120416,202.72000,-0.000504
20120417,207.45000,0.015487
20120418,200.13000,-0.004055
20120419,199.50999,-0.005934
20120420,199.60001,0.001169
20120423,198.62000,-0.008408
20120424,200.00000,0.003680
20120425,203.57001,0.013645
20120426,205.58000,0.006680
20120427,206.81000,0.002414
20120430,207.08000,-0.003884
20120501,208.00000,0.005658
20120502,208.06000,-0.002497
20120503,207.24001,-0.007659
20120504,204.99001,-0.016147
20120507,203.75000,0.000351
20120508,201.48000,-0.004279
20120509,201.23000,-0.006702
20120510,200.60001,0.002517
20120511,201.17000,-0.003387
20120514,199.44000,-0.011113
20120515,199.03999,-0.005746
20120516,199.73000,-0.004404
20120517,197.89000,-0.015051
20120518,195.88000,-0.007388
20120521,197.75999,0.016036
20120522,196.82001,0.000486
20120523,196.12000,0.001694
20120524,196.09000,0.001380
20120525,194.30000,-0.002166
20120529,196.46001,0.011079
20120530,194.53000,-0.014335
20120531,192.89999,-0.002277
20120601,189.08000,-0.024643
20120604,188.53999,0.000110
20120605,189.20000,0.005727
20120606,193.99001,0.023049
20120607,194.44000,-0.000106
20120608,195.14000,0.008114
20120611,192.50999,-0.012620
20120612,194.55000,0.011651
20120613,193.10001,-0.007023
20120614,195.10001,0.010815
20120615,199.10001,0.010338
20120618,198.28999,0.001445
20120619,198.92999,0.009816
20120620,198.78000,-0.001686
20120621,193.39000,-0.022262
20120622,193.70000,0.007175
20120625,192.86000,-0.015955
20120626,191.95000,0.004773
20120627,193.00000,0.008985
20120628,191.39999,-0.002110
20120629,195.58000,0.024920
20120702,195.83000,0.002459
20120703,195.92999,0.006232
20120705,195.28999,-0.004687
20120706,191.41000,-0.009433
20120709,189.67000,-0.001639
20120710,186.25999,-0.008126
20120711,185.25000,-0.000015
20120712,183.09000,-0.004987
20120713,186.00999,0.016497
20120716,184.78999,-0.002314
20120717,183.64999,0.007410
20120718,188.25000,0.006681
20120719,195.34000,0.002717
20120720,192.45000,-0.010062
20120723,190.83000,-0.008909
20120724,190.34000,-0.009041
20120725,191.08000,-0.000314
20120726,193.95000,0.016541
20120727,196.39000,0.019081
20120730,196.67999,-0.000483
20120731,195.98000,-0.004317
20120801,195.17999,-0.003030
20120802,194.45000,-0.007374
20120803,198.52000,0.019040
20120806,198.75999,0.002329
20120807,199.92999,0.005107
20120808,199.03000,0.000621
20120809,198.42000,0.000414
20120810,199.28999,0.002188
20120813,199.00999,-0.001252
20120814,198.28999,-0.000128
20120815,198.39999,0.001140
20120816,200.84000,0.007101
20120817,201.22000,0.001872
20120820,200.50000,-0.000021
20120821,198.64999,-0.003498
20120822,197.25000,0.000226
20120823,195.70000,-0.008072
20120824,197.77000,0.006455
20120827,195.69000,-0.000489
20120828,194.87000,-0.000808
20120829,195.08000,0.000844
20120830,193.37000,-0.007806
20120831,194.85001,0.005073
20120904,194.53999,-0.001166
20120905,195.03999,-0.001068
20120906,199.10001,0.020436
20120907,199.50000,0.004050
20120910,200.95000,-0.006148
20120911,203.27000,0.003135
20120912,203.77000,0.002093
20120913,206.36000,0.016310
20120914,206.81000,0.003959
20120917,207.14999,-0.003125
20120918,207.07001,-0.001280
20120919,206.42999,0.001185
20120920,206.17999,-0.000541
20120921,205.98000,-0.000075
20120924,205.28999,-0.002233
20120925,204.98000,-0.010502
20120926,204.00000,-0.005737
20120927,205.91000,0.009649
20120928,207.45000,-0.004478
20121001,210.47000,0.002652
20121002,209.84000,0.000872
20121003,210.50999,0.003624
20121004,210.39000,0.007174
20121005,210.59000,-0.000322
20121008,209.82001,-0.003457
20121009,207.99001,-0.009891
20121010,205.82001,-0.006188
20121011,205.75999,0.000195
20121012,207.80000,-0.002966
20121015,208.92999,0.008078
20121016,211.00000,0.010270
20121017,200.63000,0.004117
20121018,194.96001,-0.002444
20121019,193.36000,-0.016571
20121022,194.39999,0.000440
20121023,191.25000,-0.014444
20121024,190.72000,-0.003085
20121025,191.60001,0.002996
20121026,193.27000,-0.000729
20121031,194.53000,0.000156
20121101,197.14999,0.010927
20121102,193.42999,-0.009379
20121105,194.14000,0.002164
20121106,195.07001,0.007853
20121107,191.16000,-0.023705
20121108,190.10001,-0.012205
20121109,189.64000,0.001699
20121112,189.25000,0.000130
20121113,188.32001,-0.003985
20121114,185.50999,-0.013852
20121115,185.85001,-0.001594
20121116,186.94000,0.004840
20121119,190.35001,0.019862
20121120,189.20000,0.000663
20121121,190.28999,0.002320
20121123,193.49001,0.013026
20121126,192.88000,-0.002030
20121127,191.23000,-0.005227
20121128,191.98000,0.007856
20121129,191.53000,0.004270
20121130,190.07001,0.000162
20121203,189.48000,-0.004745
20121204,189.36000,-0.001710
20121205,188.64999,0.001585
20121206,189.70000,0.003307
20121207,191.95000,0.002921
20121210,192.62000,0.000338
20121211,194.20000,0.006549
20121212,192.95000,0.000448
20121213,191.99001,-0.006321
20121214,191.75999,-0.004135
20121217,193.62000,0.011871
20121218,195.69000,0.011487
20121219,195.08000,-0.007589
20121220,194.77000,0.005488
20121221,193.42000,-0.009379
20121224,192.39999,-0.002440
20121226,191.95000,-0.004787
20121227,192.71001,-0.001218
20121228,189.83000,-0.011050
20121231,191.55000,0.016942
20130102,196.35001,0.025403
20130103,195.27000,-0.002086
20130104,193.99001,0.004865
20130107,193.14000,-0.003123
20130108,192.87000,-0.003242
20130109,192.32001,0.002656
20130110,192.88000,0.007597
20130111,194.45000,-0.000048
20130114,192.62000,-0.000931
20130115,192.50000,0.001129
20130116,192.59000,0.000197
20130117,193.64999,0.005643
20130118,194.47000,0.003403
20130122,196.08000,0.004428
20130123,204.72000,0.001507
20130124,204.42000,0.000007
20130125,204.97000,0.005445
20130128,204.92999,-0.001850
20130129,203.89999,0.005106
20130130,203.52000,-0.003900
20130131,203.07001,-0.002563
20130201,205.17999,0.010053
20130204,203.78999,-0.011539
20130205,202.78999,0.010416
20130206,201.02000,0.000549
20130207,199.74001,-0.001805
20130208,201.67999,0.005658
20130211,200.16000,-0.000606
20130212,200.03999,0.001595
20130213,200.09000,0.000592
20130214,199.64999,0.000691
20130215,200.98000,-0.001045
20130219,200.32001,0.007337
20130220,199.31000,-0.012404
20130221,198.33000,-0.006303
20130222,201.09000,0.008773
20130225,197.50999,-0.018310
20130226,199.14000,0.006109
20130227,202.33000,0.012726
20130228,200.83000,-0.000864
20130301,202.91000,0.002324
20130304,205.19000,0.004611
20130305,206.53000,0.009566
20130306,208.38000,0.001085
20130307,209.42000,0.001816
20130308,210.38000,0.004481
20130311,210.08000,0.003249
20130312,210.55000,-0.002403
20130313,212.06000,0.001314
20130314,215.80000,0.005603
20130315,214.92000,-0.001618
20130318,213.21001,-0.005510
20130319,213.44000,-0.002423
20130320,215.06000,0.006697
20130321,212.25999,-0.008282
20130322,212.08000,0.007174
20130325,210.74001,-0.003340
20130326,212.36000,0.007785
20130327,210.89000,-0.000588
20130328,213.30000,0.004057
20130401,212.38000,-0.004474
20130402,214.36000,0.005172
20130403,212.66000,-0.010546
20130404,211.31000,0.004048
20130405,209.41000,-0.004295
20130408,209.32001,0.006303
20130409,209.22000,0.003544
20130410,212.00000,0.012189
20130411,212.92000,0.003552
20130412,211.38000,-0.002837
20130415,209.25999,-0.022966
20130416,212.00000,0.014307
20130417,209.67000,-0.014328
20130418,207.14999,-0.006701
20130419,190.00000,0.008848
20130422,187.83000,0.004662
20130423,191.61000,0.010419
20130424,191.71001,0.000006
20130425,193.95000,0.004035
20130426,194.31000,-0.001842
20130429,199.14999,0.007186
20130430,202.53999,0.002485
20130501,199.63000,-0.009308
20130502,202.39000,0.009408
20130503,204.50999,0.010535
20130506,202.78000,0.001908
20130507,203.63000,0.005230
20130508,204.82001,0.004139
20130509,203.24001,-0.003687
20130510,204.47000,0.004322
20130513,202.47000,0.000043
20130514,203.21001,0.010142
20130515,203.32001,0.005114
20130516,204.69000,-0.005010
20130517,208.44000,0.010300
20130520,207.60001,-0.000708
20130521,208.64999,0.001722
20130522,206.99001,-0.008274
20130523,206.16000,-0.002924
20130524,205.72000,-0.000551
20130528,207.78000,0.006341
20130529,207.92000,-0.007048
20130530,209.36000,0.003670
20130531,208.02000,-0.014307
20130603,208.95000,0.005936
20130604,206.19000,-0.005511
20130605,202.74001,-0.013780
20130606,203.80000,0.008490
20130607,206.35001,0.012832
20130610,205.02000,-0.000347
20130611,203.98000,-0.010153
20130612,201.20000,-0.008370
20130613,203.77000,0.014784
20130614,202.20000,-0.005885
20130617,203.03999,0.007567
20130618,204.87000,0.007791
20130619,201.94000,-0.013851
20130620,197.35001,-0.025010
20130621,195.46001,0.002670
20130624,193.53999,-0.012145
20130625,194.98000,0.009497
20130626,194.86000,0.009590
20130627,195.64999,0.006200
20130628,191.11000,-0.004290
20130701,191.28000,0.005404
20130702,191.50000,-0.000545
20130703,193.25000,0.000824
20130705,194.92999,0.010202
20130708,194.98000,0.005252
20130709,191.30000,0.007230
20130710,192.25000,0.000182
20130711,192.80000,0.013554
20130712,192.07001,0.003087
20130715,194.00000,0.001375
20130716,193.85001,-0.003709
20130717,194.55000,0.002774
20130718,197.99001,0.005033
20130719,193.53999,0.001610
20130722,194.09000,0.002033
20130723,194.98000,-0.001852
20130724,196.61000,-0.003811
20130725,197.22000,0.002556
20130726,197.35001,0.000828
20130729,196.21001,-0.003736
20130730,196.00999,0.000374
20130731,195.03999,-0.000136
20130801,195.81000,0.012541
20130802,195.16000,0.001640
20130805,195.50000,-0.001480
20130806,190.99001,-0.005723
20130807,188.56000,-0.003806
20130808,187.92999,0.003885
20130809,187.82001,-0.003570
20130812,189.09000,-0.001153
20130813,188.42000,0.002776
20130814,187.53000,-0.005177
20130815,185.78999,-0.014282
20130816,185.34000,-0.003305
20130819,184.23000,-0.005900
20130820,184.56000,0.003821
20130821,184.86000,-0.005780
20130822,185.19000,0.008619
20130823,185.42000,0.003947
20130826,184.74001,-0.004040
20130827,182.74001,-0.015874
20130828,182.16000,0.002748
20130829,182.64000,0.001963
20130830,182.27000,-0.003174
20130903,183.96001,0.004164
20130904,183.13000,0.008117
20130905,184.14999,0.001210
20130906,183.03000,0.000054
20130909,184.98000,0.009993
20130910,186.60001,0.007346
20130911,190.70000,0.003052
20130912,190.73000,-0.003380
20130913,192.17000,0.002715
20130916,193.14999,0.005693
20130917,192.16000,0.004218
20130918,194.42000,0.012178
20130919,193.39000,-0.001843
20130920,190.02000,-0.007217
20130923,190.99001,-0.004720
20130924,189.97000,-0.002597
20130925,189.47000,-0.002739
20130926,190.22000,0.003485
20130927,186.92000,-0.004074
20130930,185.17999,-0.006029
20131001,186.38000,0.007999
20131002,184.96001,-0.000667
20131003,183.86000,-0.008979
20131004,184.10001,0.007053
20131007,182.00999,-0.008506
20131008,178.72000,-0.012332
20131009,181.32001,0.000574
20131010,184.77000,0.021830
20131011,186.16000,0.006286
20131014,186.97000,0.004075
20131015,184.66000,-0.007064
20131016,186.73000,0.013828
20131017,174.83000,0.006744
20131018,173.78000,0.006549
20131021,172.86000,0.000092
20131022,174.97000,0.005738
20131023,175.77000,-0.004725
20131024,177.80000,0.003258
20131025,176.85001,0.004395
20131028,177.35001,0.001330
20131029,182.12000,0.005584
20131030,180.14999,-0.004876
20131031,179.21001,-0.003839
20131101,179.23000,0.002903
20131104,180.27000,0.003571
20131105,177.85001,-0.002806
20131106,179.19000,0.004266
20131107,180.00000,-0.013183
20131108,179.99001,0.013428
20131111,182.88000,0.000723
20131112,183.07001,-0.002370
20131113,183.55000,0.008095
20131114,182.21001,0.004837
20131115,183.19000,0.004222
20131118,184.47000,-0.003698
20131119,185.25000,-0.002043
20131120,185.19000,-0.003636
20131121,184.13000,0.008129
20131122,181.30000,0.004961
20131125,178.94000,-0.001263
20131126,177.31000,0.000150
20131127,178.97000,0.002485
20131129,179.67999,-0.000786
20131202,177.48000,-0.002719
20131203,176.08000,-0.003193
20131204,175.74001,-0.001304
20131205,176.08000,-0.004340
20131206,177.67000,0.011238
20131209,177.46001,0.001817
20131210,177.12000,-0.003180
20131211,175.20000,-0.011317
20131212,173.37000,-0.003771
20131213,172.80000,-0.000101
20131216,177.85001,0.006320
20131217,175.75999,-0.003101
20131218,178.70000,0.016648
20131219,180.22000,-0.000580
20131220,180.02000,0.004819
20131223,182.23000,0.005318
20131224,183.22000,0.002916
20131226,185.35001,0.004745
20131227,185.08000,-0.000337
20131230,186.41000,-0.000179
20131231,187.57001,0.003960
20140102,185.53000,-0.008862
20140103,186.64000,-0.000333
20140106,186.00000,-0.002512
20140107,189.71001,0.006082
20140108,187.97000,-0.000212
20140109,187.38000,0.000348
20140110,187.25999,0.002307
20140113,184.16000,-0.012576
20140114,185.92000,0.010818
20140115,187.74001,0.005166
20140116,188.75999,-0.001347
20140117,190.09000,-0.003895
20140121,188.42999,0.002774
20140122,182.25000,0.000575
20140123,182.73000,-0.008890
20140124,179.64000,-0.020875
20140127,177.89999,-0.004876
20140128,176.85001,0.006141
20140129,176.39999,-0.010209
20140130,177.36000,0.011267
20140131,176.67999,-0.006465
20140203,172.89999,-0.022832
20140204,172.84000,0.007641
20140205,174.24001,-0.002028
20140206,174.67000,0.012440
20140207,177.25000,0.013302
20140210,177.14000,0.001569
20140211,179.70000,0.011062
20140212,180.24001,-0.000269
20140213,181.84000,0.005810
20140214,183.69000,0.004809
20140218,183.19000,0.001158
20140219,182.95000,-0.006524
20140220,184.25999,0.006031
20140221,182.78999,-0.001919
20140224,183.45000,0.006187
20140225,183.23000,-0.001348
20140226,184.06000,0.000022
20140227,185.27000,0.004948
20140228,185.17000,0.002783
20140303,184.25999,-0.007379
20140304,186.44000,0.015268
20140305,187.14000,-0.000053
20140306,187.64000,0.001718
20140307,187.67999,0.000538
20140310,186.39000,-0.000463
20140311,186.75999,-0.005082
20140312,186.22000,0.000305
20140313,183.89999,-0.011701
20140314,182.21001,-0.002822
20140317,185.81000,0.009614
20140318,186.81000,0.007220
20140319,184.71001,-0.006132
20140320,187.89999,0.006041
20140321,186.67000,-0.002933
20140324,188.25000,-0.004865
20140325,195.03999,0.004404
20140326,192.62000,-0.007000
20140327,189.83000,-0.001900
20140328,190.45000,0.004640
20140331,192.49001,0.007924
20140401,194.50000,0.007039
20140402,193.55000,0.002853
20140403,192.69000,-0.001126
20140404,191.77000,-0.012537
20140407,194.52000,-0.010750
20140408,193.28999,0.003751
20140409,196.64000,0.010918
20140410,195.67999,-0.020885
20140411,195.19000,-0.009487
20140414,197.77000,0.008217
20140415,197.02000,0.006757
20140416,196.39999,0.010488
20140417,190.00999,0.001364
20140421,192.27000,0.003775
20140422,192.14999,0.004092
20140423,191.73000,-0.002213
20140424,190.22000,0.001717
20140425,189.63000,-0.008096
20140428,193.14000,0.003236
20140429,195.11000,0.004761
20140430,196.47000,0.002992
20140501,193.53000,-0.000143
20140502,191.44000,-0.001348
20140505,191.25999,0.001871
20140506,190.03000,-0.008988
20140507,189.30000,0.005616
20140508,188.91000,-0.001374
20140509,190.08000,0.001519
20140512,192.57001,0.009673
20140513,192.19000,0.000422
20140514,188.72000,-0.004701
20140515,186.46001,-0.009362
20140516,187.06000,0.003747
20140519,187.00000,0.003845
20140520,184.89000,-0.006498
20140521,186.39000,0.008116
20140522,185.67999,0.002362
20140523,185.94000,0.004248
20140527,184.78000,0.005988
20140528,183.08000,-0.001114
20140529,183.75999,0.005367
20140530,184.36000,0.001844
20140602,185.69000,0.000728
20140603,184.37000,-0.000379
20140604,184.50999,0.001892
20140605,185.98000,0.006525
20140606,186.37000,0.004628
20140609,186.22000,0.000939
20140610,184.28999,-0.000246
20140611,182.25000,-0.003537
20140612,181.22000,-0.007089
20140613,182.56000,0.003135
20140616,182.35001,0.000837
20140617,182.25999,0.002173
20140618,183.60001,0.007719
20140619,182.82001,0.001277
20140620,181.55000,0.001730
20140623,182.14000,-0.000132
20140624,180.88000,-0.006435
20140625,180.72000,0.004897
20140626,180.37000,-0.001179
20140627,181.71001,0.001911
20140630,181.27000,-0.000372
20140701,186.35001,0.006678
20140702,188.39000,0.000659
20140703,188.53000,0.005480
20140707,188.03999,-0.003924
20140708,187.22000,-0.007049
20140709,188.42000,0.004644
20140710,187.70000,-0.004131
20140711,188.00000,0.001471
20140714,189.86000,0.004844
20140715,188.49001,-0.001932
20140716,192.36000,0.004201
20140717,192.49001,-0.011834
20140718,192.50000,0.010265
20140721,190.85001,-0.002320
20140722,194.09000,0.005016
20140723,193.63000,0.001754
20140724,195.24001,0.000488
20140725,194.39999,-0.004849
20140728,195.78000,0.000288
20140729,194.57001,-0.004528
20140730,194.00000,0.000061
20140731,191.67000,-0.019999
20140801,189.14999,-0.002859
20140804,189.64000,0.007189
20140805,187.10001,-0.009685
20140806,185.97000,0.000016
20140807,184.30000,-0.005557
20140808,186.63000,0.011531
20140811,187.47000,0.002759
20140812,187.34000,-0.001637
20140813,187.95000,0.006707
20140814,187.88000,0.004346
20140815,187.38000,-0.000061
20140818,189.36000,0.008532
20140819,190.07001,0.005001
20140820,190.10001,0.002478
20140821,191.23000,0.002950
20140822,190.41000,-0.001993
20140825,191.16000,0.004788
20140826,192.99001,0.001051
20140827,192.25000,0.000050
20140828,192.00000,-0.001690
20140829,192.30000,0.003320
20140902,191.56000,-0.000544
20140903,191.95000,-0.000779
20140904,190.67999,-0.001534
20140905,191.20000,0.005036
20140908,190.14000,-0.003073
20140909,189.99001,-0.006545
20140910,191.53999,0.003646
20140911,191.72000,0.000882
20140912,191.28000,-0.005963
20140915,191.81000,-0.000710
20140916,192.96001,0.007484
20140917,192.80000,0.001296
20140918,193.75000,0.004891
20140919,194.00000,-0.000477
20140922,193.11000,-0.008013
20140923,191.62000,-0.005776
20140924,192.31000,0.007832
20140925,189.00999,-0.016169
20140926,190.06000,0.008576
20140929,189.64000,-0.002547
20140930,189.83000,-0.002786
20141001,187.17000,-0.013249
20141002,186.91000,0.000005
20141003,188.67000,0.011166
20141006,189.03999,-0.001565
20141007,185.71001,-0.015126
20141008,189.36000,0.017462
20141009,186.42000,-0.020661
20141010,185.92999,-0.011451
20141013,183.52000,-0.016468
20141014,183.80000,0.001579
20141015,181.75000,-0.008100
20141016,179.84000,0.000145
20141017,182.05000,0.012884
20141020,169.10001,0.009143
20141021,163.23000,0.019574
20141022,161.78999,-0.007299
20141023,162.17999,0.012303
20141024,162.08000,0.007053
20141027,161.87000,-0.001502
20141028,163.60001,0.011939
20141029,163.46001,-0.001385
20141030,164.35001,0.006230
20141031,164.39999,0.011731
20141103,164.36000,-0.000119
20141104,162.64999,-0.002830
20141105,161.82001,0.005701
20141106,161.46001,0.003776
20141107,162.07001,0.000350
20141110,163.49001,0.003120
20141111,163.30000,0.000697
20141112,161.92000,-0.000701
20141113,162.78999,0.000530
20141114,164.16000,0.000240
20141117,164.16000,0.000735
20141118,161.89000,0.005134
20141119,161.42999,-0.001501
20141120,160.64000,0.001967
20141121,160.92000,0.005237
20141124,162.14999,0.002864
20141125,161.75999,-0.001150
20141126,161.95000,0.002806
20141128,162.17000,-0.002542
20141201,161.53999,-0.006829
20141202,162.67000,0.006384
20141203,164.52000,0.003765
20141204,164.05000,-0.001162
20141205,163.27000,0.001665
20141208,161.86000,-0.007257
20141209,162.99001,-0.000238
20141210,160.50999,-0.016351
20141211,161.07001,0.004536
20141212,155.38000,-0.016214
20141215,153.06000,-0.006343
20141216,151.41000,-0.008489
20141217,151.92999,0.020352
20141218,157.67999,0.024015
20141219,158.50999,0.004570
20141222,161.44000,0.003810
20141223,162.24001,0.001746
20141224,161.82001,-0.000139
20141226,162.34000,0.003310
20141229,160.50999,0.000862
20141230,160.05000,-0.004889
20141231,160.44000,-0.010311
20150102,162.06000,-0.000340
20150105,159.50999,-0.018278
20150106,156.07001,-0.008893
20150107,155.05000,0.011630
20150108,158.42000,0.017888
20150109,159.11000,-0.008404
20150112,156.44000,-0.008094
20150113,156.81000,-0.002579
20150114,155.80000,-0.005813
20150115,154.57001,-0.009248
20150116,157.14000,0.013424
20150120,156.95000,0.001550
20150121,152.09000,0.004732
20150122,155.39000,0.015270
20150123,155.87000,-0.005492
20150126,156.36000,0.002568
20150127,153.67000,-0.013388
20150128,151.55000,-0.013496
20150129,155.48000,0.009535
20150130,153.31000,-0.012992
20150202,154.66000,0.012962
20150203,158.47000,0.014439
20150204,156.96001,-0.004156
20150205,157.91000,0.010291
20150206,156.72000,-0.003418
20150209,155.75000,-0.004247
20150210,158.56000,0.010676
20150211,158.20000,-0.000029
20150212,158.52000,0.009645
20150213,160.39999,0.004075
20150217,160.96001,0.001598
20150218,162.19000,-0.000314
20150219,163.89000,-0.001062
20150220,163.64999,0.006126
20150223,162.91000,-0.000303
20150224,164.83000,0.002759
20150225,162.81000,-0.000766
20150226,160.87000,-0.001476
20150227,161.94000,-0.002956
20150302,160.48000,0.006125
20150303,161.03000,-0.004539
20150304,159.42000,-0.004389
20150305,161.17999,0.001196
20150306,158.50000,-0.014174
20150309,160.77000,0.003944
20150310,157.81000,-0.016961
20150311,156.80000,-0.001918
20150312,157.98000,0.012601
20150313,154.28000,-0.006075
20150316,157.08000,0.013534
20150317,156.96001,-0.003320
20150318,159.81000,0.012158
20150319,159.81000,-0.004873
20150320,162.88000,0.009013
20150323,164.63000,-0.001746
20150324,163.00000,-0.006139
20150325,159.20000,-0.014559
20150326,160.59000,-0.002377
20150327,160.39999,0.002369
20150330,162.67000,0.012237
20150331,160.50000,-0.008796
20150401,159.17999,-0.003965
20150402,160.45000,0.003530
20150406,162.03999,0.006609
20150407,162.07001,-0.002062
20150408,161.85001,0.002683
20150409,162.34000,0.004457
20150410,162.86000,0.005203
20150413,162.38000,-0.004581
20150414,162.30000,0.001630
20150415,164.13000,0.005148
20150416,163.13000,-0.000778
20150417,160.67000,-0.011311
20150420,166.16000,0.009235
20150421,164.25999,-0.001481
20150422,165.36000,0.005088
20150423,170.24001,0.002358
20150424,169.78000,0.002253
20150427,170.73000,-0.004141
20150428,173.92000,0.002769
20150429,174.39999,-0.003740
20150430,171.28999,-0.010129
20150501,173.67000,0.010923
20150504,173.97000,0.002941
20150505,173.08000,-0.011837
20150506,170.05000,-0.004456
20150507,170.99001,0.003774
20150508,172.67999,0.013458
20150511,171.12000,-0.005090
20150512,170.55000,-0.002950
20150513,172.28000,-0.000305
20150514,174.05000,0.010779
20150515,173.25999,0.000768
20150518,173.06000,0.003048
20150519,173.48000,-0.000643
20150520,173.75999,-0.000931
20150521,173.34000,0.002338
20150522,172.22000,-0.002234
20150526,170.13000,-0.010282
20150527,172.00000,0.009163
20150528,171.71001,-0.001267
20150529,169.64999,-0.006318
20150601,170.17999,0.002059
20150602,169.64999,-0.001009
20150603,169.92000,0.002119
20150604,168.38000,-0.008623
20150605,167.39999,-0.001436
20150608,165.34000,-0.006474
20150609,165.67999,0.000418
20150610,168.92000,0.012042
20150611,168.78000,0.001739
20150612,166.99001,-0.006994
20150615,166.25999,-0.004622
20150616,166.84000,0.005690
20150617,167.17000,0.001980
20150618,168.25000,0.009903
20150619,166.99001,-0.005304
20150622,167.73000,0.006095
20150623,168.62000,0.000636
20150624,166.97000,-0.007353
20150625,166.08000,-0.002974
20150626,165.46001,-0.000390
20150629,162.97000,-0.020866
20150630,162.66000,0.002658
20150701,164.49001,0.006936
20150702,165.09000,-0.000308
20150706,164.73000,-0.003862
20150707,165.00000,0.006081
20150708,163.16000,-0.016653
20150709,163.85001,0.002262
20150710,166.95000,0.012338
20150713,169.38000,0.011066
20150714,168.61000,0.004453
20150715,168.53000,-0.000735
20150716,171.00000,0.008015
20150717,172.50999,0.001106
20150720,173.22000,0.000771
20150721,163.07001,-0.004262
20150722,160.35001,-0.002388
20150723,161.73000,-0.005676
20150724,159.75000,-0.010703
20150727,159.07001,-0.005775
20150728,160.05000,0.012386
20150729,161.09000,0.007319
20150730,160.96001,0.000028
20150731,161.99001,-0.002272
20150803,158.71001,-0.002757
20150804,157.60001,-0.002250
20150805,157.89999,0.003115
20150806,156.32001,-0.007753
20150807,155.12000,-0.002875
20150810,156.75000,0.012808
20150811,155.50999,-0.009557
20150812,156.16000,0.000950
20150813,155.07001,-0.001275
20150814,155.75000,0.003912
20150817,156.31000,0.005211
20150818,156.00999,-0.002626
20150819,153.94000,-0.008255
20150820,152.66000,-0.021100
20150821,148.85001,-0.031851
20150824,143.47000,-0.039414
20150825,140.96001,-0.013522
20150826,146.70000,0.039034
20150827,148.53999,0.024298
20150828,147.98000,0.000609
20150831,147.89000,-0.008392
20150901,142.67999,-0.029576
20150902,145.05000,0.018293
20150903,146.78000,0.001165
20150904,143.70000,-0.015330
20150908,147.23000,0.025083
20150909,145.05000,-0.013898
20150910,146.20000,0.005278
20150911,147.37000,0.004487
20150914,145.64999,-0.004090
20150915,147.53000,0.012831
20150916,148.41000,0.008705
20150917,148.14000,-0.002561
20150918,144.50999,-0.016164
20150921,146.48000,0.004566
20150922,144.42999,-0.012318
20150923,143.66000,-0.002049
20150924,144.41000,-0.003363
20150925,145.42000,-0.000466
20150928,142.52000,-0.025666
20150929,142.47000,0.001233
20150930,144.97000,0.019076
20151001,143.59000,0.001974
20151002,144.58000,0.014315
20151005,149.03999,0.018290
20151006,148.78000,-0.003588
20151007,150.09000,0.008036
20151008,152.28000,0.008818
20151009,152.39000,0.000725
20151012,151.14000,0.001276
20151013,149.62000,-0.006825
20151014,150.00999,-0.004716
20151015,150.09000,0.014853
20151016,150.39000,0.004570
20151019,149.22000,0.000271
20151020,140.64000,-0.001421
20151021,140.92000,-0.005825
20151022,144.09000,0.016628
20151023,144.67999,0.011030
20151026,143.66000,-0.001913
20151027,137.86000,-0.002554
20151028,140.83000,0.011840
20151029,140.55000,-0.000450
20151030,140.08000,-0.004810
20151102,140.37000,0.011874
20151103,141.88000,0.002728
20151104,141.63000,-0.003545
20151105,139.89000,-0.001132
20151106,138.25000,-0.000348
20151109,135.31000,-0.009823
20151110,135.47000,0.001511
20151111,135.02000,-0.003228
20151112,133.03999,-0.013990
20151113,131.75000,-0.011207
20151116,133.71001,0.014903
20151117,133.82001,-0.001339
20151118,135.82001,0.016162
20151119,136.74001,-0.001123
20151120,138.50000,0.003810
20151123,138.46001,-0.001235
20151124,138.60001,0.001222
20151125,138.00000,-0.000129
20151127,138.46001,0.000594
20151130,139.42000,-0.004641
20151201,141.28000,0.010681
20151202,139.70000,-0.010996
20151203,138.92000,-0.014374
20151204,140.42999,0.020526
20151207,139.55000,-0.006990
20151208,138.05000,-0.006490
20151209,136.61000,-0.007739
20151210,136.78000,0.002251
20151211,134.57001,-0.019423
20151214,135.92999,0.004756
20151215,137.78999,0.010619
20151216,139.28999,0.014515
20151217,136.75000,-0.015041
20151218,134.89999,-0.017797
20151221,135.50000,0.007778
20151222,137.92999,0.008817
20151223,138.53999,0.012418
20151224,138.25000,-0.001599
20151228,137.61000,-0.002179
20151229,139.78000,0.010630
20151230,139.34000,-0.007217
20151231,137.62000,-0.009412
20160104,135.95000,-0.015304
20160105,135.85001,0.002012
20160106,135.17000,-0.013115
20160107,132.86000,-0.023700
20160108,131.63000,-0.010838
20160111,133.23000,0.000853
20160112,132.89999,0.007803
20160113,131.17000,-0.024965
20160114,132.91000,0.016696
20160115,130.03000,-0.021599
20160119,128.11000,0.000532
20160120,121.86000,-0.011694
20160121,122.91000,0.005195
20160122,122.50000,0.020284
20160125,122.08000,-0.015638
20160126,122.59000,0.014144
20160127,120.96000,-0.010863
20160128,122.22000,0.005529
20160129,124.79000,0.024760
20160201,124.83000,-0.000443
20160202,122.94000,-0.018743
20160203,124.72000,0.004992
20160204,127.65000,0.001527
20160205,128.57001,-0.018481
20160208,126.98000,-0.014154
20160209,124.07000,-0.000664
20160210,120.19000,-0.000189
20160211,117.85000,-0.012301
20160212,121.04000,0.019518
20160216,122.74000,0.016517
20160217,126.10000,0.016480
20160218,132.45000,-0.004666
20160219,133.08000,-0.000026
20160222,133.77000,0.014454
20160223,132.39999,-0.012454
20160224,132.80000,0.004440
20160225,134.50000,0.011348
20160226,132.03000,-0.001870
20160229,131.03000,-0.008121
20160301,134.37000,0.023869
20160302,136.30000,0.004094
20160303,137.80000,0.003499
20160304,137.80000,0.003306
20160307,140.14999,0.000885
20160308,139.07001,-0.011240
20160309,140.41000,0.005052
20160310,140.19000,0.000156
20160311,142.36000,0.016396
20160314,142.78000,-0.001261
20160315,142.96001,-0.001837
20160316,144.78999,0.005600
20160317,147.03999,0.006595
20160318,147.09000,0.004406
20160321,148.63000,0.000986
20160322,148.10001,-0.000877
20160323,145.39999,-0.006386
20160324,147.95000,-0.000378
20160328,148.39999,0.000545
20160329,149.33000,0.008817
20160330,148.41000,0.004350
20160331,151.45000,-0.002040
20160401,152.52000,0.006331
20160404,152.07001,-0.003208
20160405,150.00000,-0.010145
20160406,150.02000,0.010508
20160407,148.25000,-0.011976
20160408,149.35001,0.002787
20160411,149.25000,-0.002740
20160412,149.63000,0.009662
20160413,151.23000,0.010040
20160414,151.16000,0.000173
20160415,151.72000,-0.000984
20160418,152.53000,0.006541
20160419,144.00000,0.003085
20160420,146.11000,0.000762
20160421,149.30000,-0.005194
20160422,148.50000,0.000048
20160425,148.81000,-0.001812
20160426,149.08000,0.001873
20160427,150.47000,0.001649
20160428,147.07001,-0.009231
20160429,145.94000,-0.005063
20160502,145.27000,0.007810
20160503,144.13000,-0.008677
20160504,144.25000,-0.005937
20160505,146.47000,-0.000239
20160506,147.28999,0.003175
20160509,147.34000,0.000753
20160510,149.97000,0.012484
20160511,148.95000,-0.009562
20160512,148.84000,-0.000170
20160513,147.72000,-0.008478
20160516,149.46001,0.009797
20160517,148.00000,-0.009411
20160518,147.34000,0.000205
20160519,144.92999,-0.003707
20160520,147.25000,0.006019
20160523,146.77000,-0.002085
20160524,148.31000,0.013681
20160525,151.69000,0.006975
20160526,152.44000,-0.000210
20160527,152.84000,0.004287
20160531,153.74001,-0.001000
20160601,152.50999,0.001130
20160602,153.50000,0.002825
20160603,152.89000,-0.002912
20160606,152.73000,0.004897
20160607,153.33000,0.001289
20160608,154.00000,0.003309
20160609,153.42000,-0.001718
20160610,152.37000,-0.009175
20160613,151.28000,-0.008115
20160614,151.06000,-0.001799
20160615,150.67999,-0.001841
20160616,151.06000,0.003133
20160617,151.99001,-0.003258
20160620,153.61000,0.005808
20160621,154.05000,0.002712
20160622,152.92000,-0.001652
20160623,155.35001,0.013364
20160624,146.59000,-0.035920
20160627,143.50000,-0.018097
20160628,145.70000,0.017770
20160629,148.46001,0.017033
20160630,151.78000,0.013565
20160701,152.35001,0.001949
20160705,151.67999,-0.006848
20160706,152.37000,0.005353
20160707,152.60001,-0.000872
20160708,154.46001,0.015253
20160711,155.33000,0.003409
20160712,157.03999,0.007009
20160713,158.02000,0.000135
20160714,160.28000,0.005259
20160715,159.78000,-0.000929
20160718,159.86000,0.002382
20160719,159.58000,-0.001435
20160720,161.36000,0.004270
20160721,160.45000,-0.003612
20160722,162.07001,0.004554
20160725,162.64999,-0.003011
20160726,162.12000,0.000323
20160727,161.83000,-0.001199
20160728,161.37000,0.001606
20160729,160.62000,0.001631
20160801,161.45000,-0.001270
20160802,160.58000,-0.006362
20160803,160.67000,0.003134
20160804,161.55000,0.000213
20160805,163.50000,0.008603
20160808,162.03999,-0.000907
20160809,161.77000,0.000390
20160810,162.08000,-0.002865
20160811,163.53000,0.004735
20160812,161.95000,-0.000796
20160815,161.88000,0.002793
20160816,160.70000,-0.005479
20160817,160.44000,0.001869
20160818,161.36000,0.002200
20160819,160.03999,-0.001440
20160822,160.00000,-0.000563
20160823,160.25999,0.001952
20160824,159.05000,-0.005240
20160825,158.63000,-0.001365
20160826,158.32001,-0.001579
20160829,159.72000,0.005228
20160830,159.39999,-0.001954
20160831,158.88000,-0.002376
20160901,159.53999,-0.000041
20160902,159.55000,0.004201
20160906,160.35001,0.002982
20160907,161.64000,-0.000146
20160908,159.00000,-0.002223
20160909,155.69000,-0.024522
20160912,158.28999,0.014677
20160913,155.81000,-0.014831
20160914,154.05000,-0.000588
20160915,155.66000,0.010109
20160916,153.84000,-0.003772
20160919,154.87000,-0.000019
20160920,154.45000,0.000299
20160921,155.53000,0.010917
20160922,156.11000,0.006500
20160923,154.98000,-0.005737
20160926,153.98000,-0.008588
20160927,156.77000,0.006444
20160928,158.28999,0.005296
20160929,158.11000,-0.009321
20160930,158.85001,0.007968
20161003,157.61000,-0.003261
20161004,156.46001,-0.004956
20161005,157.08000,0.004297
20161006,156.88000,0.000482
20161007,155.67000,-0.003253
20161010,157.02000,0.004606
20161011,154.78999,-0.012447
20161012,154.28999,0.001147
20161013,153.72000,-0.003099
20161014,154.45000,0.000202
20161017,154.77000,-0.003038
20161018,150.72000,0.006160
20161019,151.25999,0.002192
20161020,151.52000,-0.001376
20161021,149.63000,-0.000084
20161024,150.57001,0.004750
20161025,150.88000,-0.003798
20161026,151.81000,-0.001740
20161027,153.35001,-0.002987
20161028,152.61000,-0.003108
20161031,153.69000,-0.000122
20161101,152.78999,-0.006787
20161102,151.95000,-0.006525
20161103,152.37000,-0.004423
20161104,152.42999,-0.001666
20161107,155.72000,0.022224
20161108,155.17000,0.003772
20161109,154.81000,0.011077
20161110,160.22000,0.001951
20161111,161.27000,-0.001398
20161114,158.21001,-0.000116
20161115,158.67000,0.007481
20161116,159.28999,-0.001582
20161117,159.80000,0.004676
20161118,160.39000,-0.002387
20161121,162.77000,0.007461
20161122,162.67000,0.002165
20161123,161.98000,0.000808
20161125,163.14000,0.003914
20161128,164.52000,-0.005254
20161129,163.53000,0.001335
20161130,162.22000,-0.002653
20161201,159.82001,-0.003516
20161202,160.02000,0.000397
20161205,159.84000,0.005821
20161206,160.35001,0.003411
20161207,164.78999,0.013163
20161208,165.36000,0.002159
20161209,166.52000,0.005939
20161212,165.50000,-0.001137
20161213,168.28999,0.006540
20161214,168.50999,-0.008117
20161215,168.02000,0.003883
20161216,166.73000,-0.001751
20161219,166.67999,0.001975
20161220,167.60001,0.003638
20161221,167.33000,-0.002457
20161222,167.06000,-0.001863
20161223,166.71001,0.001252
20161227,167.14000,0.002248
20161228,166.19000,-0.008357
20161229,166.60001,-0.000293
20161230,165.99001,-0.004637
20170103,167.19000,0.008487
20170104,169.25999,0.005722
20170105,168.70000,-0.000771
20170106,169.53000,0.003517
20170109,167.64999,-0.003549
20170110,165.52000,0.000000
20170111,167.75000,0.002830
20170112,167.95000,-0.002145
20170113,167.34000,0.001850
20170117,167.89000,-0.002968
20170118,166.80000,0.001764
20170119,166.81000,-0.003609
20170120,170.55000,0.003366
20170123,171.03000,-0.002690
20170124,175.89999,0.006565
20170125,178.28999,0.008026
20170126,178.66000,-0.000735
20170127,177.30000,-0.000866
20170130,175.80000,-0.006010
20170131,174.52000,-0.000890
20170201,174.28999,0.000298
20170202,174.58000,0.000570
20170203,175.82001,0.007265
20170206,175.86000,-0.002115
20170207,178.46001,0.000227
20170208,176.17000,0.000693
20170209,177.21001,0.005752
20170210,178.67999,0.003566
20170213,179.36000,0.005246
20170214,180.13000,0.004007
20170215,181.67999,0.004992
20170216,181.42999,-0.000864
20170217,180.67000,0.001679
20170221,180.25999,0.006048
20170222,181.14999,-0.001082
20170223,181.64999,0.000419
20170224,181.35001,0.001493
20170227,179.39999,0.001018
20170228,179.82001,-0.002578
20170301,181.95000,0.013674
20170302,180.53000,-0.005860
20170303,180.05000,0.000504
20170306,180.47000,-0.003277
20170307,180.38000,-0.002913
20170308,179.45000,-0.002284
20170309,177.17999,0.000800
20170310,177.83000,0.003269
20170313,176.46001,0.000367
20170314,175.72000,-0.003379
20170315,175.81000,0.008375
20170316,177.24001,-0.001627
20170317,175.64999,-0.001314
20170320,175.70000,-0.002010
20170321,173.88000,-0.012408
20170322,174.78000,0.001890
20170323,174.82001,-0.001060
20170324,173.83000,-0.000844
20170327,173.77000,-0.001020
20170328,174.50999,0.007251
20170329,173.94000,0.001085
20170330,173.86000,0.002935
20170331,174.14000,-0.002255
20170403,174.50000,-0.001642
20170404,174.52000,0.000560
20170405,172.88000,-0.003055
20170406,172.45000,0.001929
20170407,172.14000,-0.000827
20170410,171.20000,0.000688
20170411,170.58000,-0.001434
20170412,170.66000,-0.003760
20170413,169.53000,-0.006815
20170417,171.10001,0.008613
20170418,170.05000,-0.002903
20170419,161.69000,-0.001716
20170420,162.30000,0.007557
20170421,160.38000,-0.003035
20170424,160.75000,0.010840
20170425,160.39000,0.006091
20170426,160.06000,-0.000486
20170427,160.32001,0.000553
20170428,160.28999,-0.001913
20170501,158.84000,0.001732
20170502,159.10001,0.001189
20170503,158.63000,-0.001271
20170504,159.05000,0.000582
20170505,155.05000,0.004089
20170508,153.03000,0.000038
20170509,152.11000,-0.001025
20170510,151.25000,0.001131
20170511,150.64999,-0.002163
20170512,150.37000,-0.001478
20170515,151.50999,0.004776
20170516,153.67999,-0.000687
20170517,150.92999,-0.018178
20170518,150.78000,0.003687
20170519,151.98000,0.006767
20170522,152.64000,0.005160
20170523,152.03000,0.001838
20170524,152.50999,0.002489
20170525,153.20000,0.004442
20170526,152.49001,0.000311
20170530,151.73000,-0.001205
20170531,152.63000,-0.000460
20170601,152.67000,0.007571
20170602,152.05000,0.003708
20170605,152.41000,-0.001218
20170606,152.37000,-0.002779
20170607,150.98000,0.001568
20170608,152.10001,0.000267
20170609,154.10001,-0.000830
20170612,155.17999,-0.000979
20170613,154.25000,0.004511
20170614,153.81000,-0.000996
20170615,154.22000,-0.002240
20170616,155.38000,0.000284
20170619,154.84000,0.008347
20170620,154.95000,-0.006697
20170621,153.78999,-0.000583
20170622,154.39999,-0.000456
20170623,154.11000,0.001561
20170626,155.23000,0.000316
20170627,154.75000,-0.008073
20170628,155.32001,0.008808
20170629,154.13000,-0.008600
20170630,153.83000,0.001533
20170703,155.58000,0.002311
20170705,153.67000,0.001453
20170706,152.36000,-0.009369
20170707,152.94000,0.006403
20170710,153.42000,0.000928
20170711,153.19000,-0.000783
20170712,153.70000,0.007306
20170713,153.63000,0.001875
20170714,154.24001,0.004674
20170717,153.00999,-0.000053
20170718,154.00000,0.000598
20170719,147.53000,0.005373
20170720,147.66000,-0.000154
20170721,147.08000,-0.000368
20170724,145.99001,-0.001064
20170725,146.19000,0.002923
20170726,145.36000,0.000283
20170727,145.07001,-0.000973
20170728,144.28999,-0.001341
20170731,144.67000,-0.000728
20170801,145.30000,0.002449
20170802,144.45000,0.000493
20170803,144.94000,-0.002184
20170804,145.16000,0.001889
20170807,143.47000,0.001647
20170808,142.11000,-0.002414
20170809,141.77000,-0.000364
20170810,141.84000,-0.014474
20170811,141.84000,0.001276
20170814,142.32001,0.010044
20170815,142.07001,-0.000499
20170816,142.50000,0.001420
20170817,140.70000,-0.015437
20170818,139.70000,-0.001835
20170821,140.33000,0.001163
20170822,141.00999,0.009941
20170823,142.14000,-0.003454
20170824,142.94000,-0.002074
20170825,143.74001,0.001673
20170828,142.50999,0.000487
20170829,143.14000,0.000843
20170830,142.56000,0.004615
20170831,143.03000,0.005721
20170901,144.08000,0.001982
20170905,143.03999,-0.007551
20170906,143.82001,0.003129
20170907,142.89999,-0.000178
20170908,142.45000,-0.001489
20170911,144.86000,0.010839
20170912,145.75999,0.003364
20170913,145.99001,0.000757
20170914,145.53999,-0.001101
20170915,144.82001,0.001847
20170918,144.55000,0.001456
20170919,144.39000,0.001110
20170920,145.88000,0.000634
20170921,145.25999,-0.003046
20170922,145.13000,0.000648
20170925,145.87000,-0.002222
20170926,146.56000,0.000072
20170927,145.66000,0.004085
20170928,145.66000,0.001205
20170929,145.08000,0.003705
20171002,146.66000,0.003874
20171003,146.78000,0.002159
20171004,146.48000,0.001247
20171005,146.72000,0.005647
20171006,146.48000,-0.001074
20171009,147.39000,-0.001804
20171010,148.50000,0.002322
20171011,147.62000,0.001803
20171012,147.03000,-0.001687
20171013,147.10001,0.000878
20171016,146.83000,0.001751
20171017,146.53999,0.000672
20171018,159.53000,0.000742
20171019,160.89999,0.000328
20171020,162.07001,0.005117
20171023,159.55000,-0.003972
20171024,155.88000,0.001618
20171025,153.50000,-0.004663
20171026,153.60001,0.001271
20171027,153.67999,0.008073
20171030,154.36000,-0.003192
20171031,154.06000,0.000944
20171101,154.03000,0.001592
20171102,153.35001,0.000190
20171103,151.58000,0.003097
20171106,150.84000,0.001271
20171107,151.35001,-0.000189
20171108,151.57001,0.001444
20171109,150.30000,-0.003762
20171110,149.16000,-0.000898
20171113,148.39999,0.000984
20171114,148.89000,-0.002310
20171115,147.10001,-0.005526
20171116,149.12000,0.008196
20171117,148.97000,-0.002626
20171120,150.50999,0.001276
20171121,151.95000,0.006541
20171122,151.77000,-0.000750
20171124,151.84000,0.002056
20171127,151.98000,-0.000384
20171128,152.47000,0.009848
20171129,153.55000,-0.000369
20171130,153.97000,0.008191
20171201,154.75999,-0.002024
20171204,156.46001,-0.001052
20171205,155.35001,-0.003739
20171206,154.10001,-0.000114
20171207,153.57001,0.002932
20171208,154.81000,0.005506
20171211,155.41000,0.003202
20171212,156.74001,0.001549
20171213,153.91000,-0.000473
20171214,154.00000,-0.004071
20171215,152.50000,0.008974
20171218,153.33000,0.005363
20171219,153.23000,-0.003230
20171220,152.95000,-0.000828
20171221,151.50000,0.001986
20171222,152.50000,-0.000458
20171226,152.83000,-0.001058
20171227,153.13000,0.000791
20171228,154.03999,0.001834
20171229,153.42000,-0.005183
20180102,154.25000,0.008303
20180103,158.49001,0.006399
20180104,161.70000,0.004029
20180105,162.49001,0.007034
20180108,163.47000,0.001662
20180109,163.83000,0.001303
20180110,164.17999,-0.001112
20180111,164.20000,0.007034
20180112,163.14000,0.006750
20180116,163.85001,-0.003524
20180117,168.64999,0.009415
20180118,169.12000,-0.001616
20180119,162.37000,0.004385
20180122,162.60001,0.008067
20180123,166.25000,0.002174
20180124,165.37000,-0.000560
20180125,165.47000,0.000603
20180126,167.34000,0.011841
20180129,166.80000,-0.006732
20180130,163.62000,-0.010899
20180131,163.70000,0.000489
20180201,162.39999,-0.000648
20180202,159.03000,-0.021209
20180205,152.53000,-0.040979
20180206,155.34000,0.017441
20180207,153.85001,-0.005002
20180208,147.59000,-0.037536
20180209,149.50999,0.014936
20180212,151.39999,0.013915
20180213,150.75000,0.002613
20180214,154.75999,0.013402
20180215,156.00999,0.012069
20180216,156.17999,0.000373
20180220,155.16000,-0.005841
20180221,153.96001,-0.005497
20180222,153.17999,0.000974
20180223,155.52000,0.016028
20180226,158.58000,0.011757
20180227,156.55000,-0.012707
20180228,155.83000,-0.011096
20180301,153.81000,-0.013324
20180302,154.49001,0.005072
20180305,156.95000,0.011032
20180306,155.72000,0.002639
20180307,158.32001,-0.000484
20180308,156.21001,0.004463
20180309,159.31000,0.017379
20180312,160.25999,-0.001274
20180313,159.32001,-0.006364
20180314,158.12000,-0.005724
20180315,159.61000,-0.000782
20180316,160.25999,0.001703
20180319,157.35001,-0.014204
20180320,156.20000,0.001482
20180321,156.69000,-0.001844
20180322,152.09000,-0.025163
20180323,148.89000,-0.020967
20180326,153.37000,0.027157
20180327,151.91000,-0.017276
20180328,152.52000,-0.002917
20180329,153.42999,0.013770
20180402,150.07001,-0.022337
20180403,149.85001,0.012615
20180404,154.12000,0.011566
20180405,154.03000,0.006863
20180406,150.57001,-0.021920
20180409,152.69000,0.003337
20180410,155.39000,0.016727
20180411,155.36000,-0.005525
20180412,158.07001,0.008251
20180413,156.71001,-0.002887
20180416,157.89000,0.008109
20180417,160.91000,0.010662
20180418,148.78999,0.000831
20180419,147.70000,-0.005726
20180420,144.89999,-0.008537
20180423,145.86000,0.000056
20180424,145.56000,-0.013381
20180425,145.94000,0.001837
20180426,146.72000,0.010434
20180427,146.48000,0.001114
20180430,144.96001,-0.008188
20180501,145.00000,0.002549
20180502,142.45000,-0.007206
20180503,141.99001,-0.002254
20180504,143.91000,0.012811
20180507,143.22000,0.003458
20180508,143.00000,-0.000266
20180509,142.61000,0.009682
20180510,144.24001,0.009371
20180511,144.14000,0.001708
20180514,144.30000,0.000884
20180515,143.74001,-0.006842
20180516,144.63000,0.004061
20180517,144.50000,-0.000856
20180518,144.08000,-0.002632
20180521,145.49001,0.007387
20180522,145.09000,-0.003136
20180523,144.67000,0.003248
20180524,144.07001,-0.002023
20180525,143.64000,-0.002357
20180529,141.22000,-0.011564
20180530,142.62000,0.012696
20180531,141.31000,-0.006880
20180601,141.95000,0.010849
20180604,143.03999,0.004480
20180605,143.70000,0.000703
20180606,144.71001,0.008567
20180607,145.36000,-0.000714
20180608,146.14000,0.003126
20180611,146.58000,0.001069
20180612,146.87000,0.001743
20180613,146.35001,-0.004026
20180614,145.20000,0.002472
20180615,145.39000,-0.001017
20180618,144.48000,-0.002126
20180619,143.89999,-0.004023
20180620,142.63000,0.001712
20180621,141.25000,-0.006345
20180622,141.28000,0.001862
20180625,138.78999,-0.013725
20180626,139.08000,0.002205
20180627,137.48000,-0.008604
20180628,140.03999,0.006179
20180629,139.70000,0.000758
20180702,139.86000,0.003068
20180703,139.57001,-0.004947
20180705,141.42999,0.008621
20180706,142.48000,0.008481
20180709,144.39000,0.008823
20180710,144.71001,0.003473
20180711,144.94000,-0.007094
20180712,146.45000,0.008749
20180713,145.89999,0.001079
20180716,145.46001,-0.001028
20180717,143.49001,0.003974
20180718,144.52000,0.002160
20180719,149.24001,-0.003953
20180720,146.35001,-0.000948
20180723,145.70000,0.001838
20180724,146.38000,0.004781
20180725,146.62000,0.009102
20180726,146.71001,-0.003032
20180727,145.14999,-0.006562
20180730,145.49001,-0.005754
20180731,144.92999,0.004885
20180801,143.50000,-0.001040
20180802,142.96001,0.004926
20180803,147.70000,0.004644
20180806,146.03000,0.003538
20180807,147.00999,0.002824
20180808,146.89000,-0.000262
20180809,144.77000,-0.001442
20180810,144.48000,-0.007114
20180813,142.71001,-0.004006
20180814,143.36000,0.006389
20180815,143.91000,-0.007602
20180816,145.34000,0.007919
20180817,146.06000,0.003323
20180820,146.50999,0.002428
20180821,145.97000,0.002069
20180822,145.24001,-0.000398
20180823,145.37000,-0.001691
20180824,146.03999,0.006199
20180827,146.69000,0.007670
20180828,146.59000,0.000269
20180829,147.53999,0.005701
20180830,145.92999,-0.004430
20180831,146.48000,0.000134
20180904,145.67999,-0.001654
20180905,146.66000,-0.002803
20180906,146.39000,-0.003652
20180907,145.45000,-0.002213
20180910,145.64999,0.001898
20180911,146.49001,0.003740
20180912,146.57001,0.000357
20180913,148.95000,0.005282
20180914,148.33000,0.000275
20180917,147.94000,-0.005570
20180918,148.56000,0.005369
20180919,149.06000,0.001253
20180920,151.14999,0.007841
20180921,151.35001,-0.000369
20180924,150.03000,-0.003516
20180925,148.91000,-0.001305
20180926,151.61000,-0.003289
20180927,151.50000,0.002763
20180928,151.21001,-0.000007
20181001,153.00000,0.003641
20181002,153.75000,-0.000397
20181003,153.22000,0.000711
20181004,151.31000,-0.008170
20181005,149.03000,-0.005528
20181008,148.39000,-0.000395
20181009,147.24001,-0.001418
20181010,142.69000,-0.032864
20181011,139.02000,-0.020573
20181012,140.85001,0.014206
20181015,141.13000,-0.005905
20181016,145.12000,0.021496
20181017,134.05000,-0.000253
20181018,130.55000,-0.014392
20181019,129.10001,-0.000361
20181022,130.02000,-0.004299
20181023,131.21001,-0.005512
20181024,127.21000,-0.030864
20181025,126.45000,0.018625
20181026,124.79000,-0.017327
20181029,119.64000,-0.006560
20181030,115.40000,0.015667
20181031,115.43000,0.010851
20181101,116.83000,0.010558
20181102,115.67000,-0.006317
20181105,120.06000,0.005600
20181106,123.12000,0.006259
20181107,124.84000,0.021209
20181108,123.38000,-0.002509
20181109,123.54000,-0.009199
20181112,120.90000,-0.019701
20181113,120.84000,-0.001482
20181114,120.20000,-0.007567
20181115,121.44000,0.010594
20181116,121.57000,0.002223
20181119,120.31000,-0.016643
20181120,117.20000,-0.018151
20181121,118.57000,0.003043
20181123,117.19000,-0.006555
20181126,119.56000,0.015532
20181127,120.03000,0.003262
20181128,123.00000,0.022974
20181129,121.48000,-0.002198
20181130,124.27000,0.008186
20181203,125.31000,0.010941
20181204,121.60000,-0.032365
20181206,123.91000,-0.001522
20181207,119.34000,-0.023320
20181210,121.13000,0.001762
20181211,120.89000,-0.000356
20181212,121.16000,0.005419
20181213,120.73000,-0.000200
20181214,119.90000,-0.019087
20181217,116.10000,-0.020773
20181218,116.65000,0.000086
20181219,116.43000,-0.015396
20181220,113.02000,-0.015772
20181221,110.94000,-0.020588
20181224,107.57000,-0.027112
20181226,111.39000,0.049594
20181227,113.78000,0.008563
20181228,113.03000,-0.001242
20181231,113.67000,0.008492
